o_zone_id,d_zone_id,volume
2,3,15.7345
2,3,15.7345
2,3,15.7345
2,3,15.7345
2,3,15.7345
2,3,15.7345
2,3,15.7345
2,3,15.7345
2,4,10.4896
2,4,10.4896
2,4,10.4896
2,4,10.4896
2,4,10.4896
2,4,10.4896
2,4,10.4896
2,4,10.4896
2,5,10.4896
2,5,10.4896
2,5,10.4896
2,5,10.4896
2,5,10.4896
2,5,10.4896
2,5,10.4896
2,5,10.4896
2,6,15.7345
2,6,15.7345
2,6,15.7345
2,6,15.7345
2,6,15.7345
2,6,15.7345
2,6,15.7345
2,6,15.7345
2,7,5.2448
2,7,5.2448
2,7,5.2448
2,7,5.2448
2,7,5.2448
2,7,5.2448
2,7,5.2448
2,7,5.2448
2,8,5.2448
2,8,5.2448
2,8,5.2448
2,8,5.2448
2,8,5.2448
2,8,5.2448
2,8,5.2448
2,8,5.2448
2,9,10.4896
2,9,10.4896
2,9,10.4896
2,9,10.4896
2,9,10.4896
2,9,10.4896
2,9,10.4896
2,9,10.4896
2,10,5.2448
2,10,5.2448
2,10,5.2448
2,10,5.2448
2,10,5.2448
2,10,5.2448
2,10,5.2448
2,10,5.2448
2,11,5.2448
2,11,5.2448
2,11,5.2448
2,11,5.2448
2,11,5.2448
2,11,5.2448
2,11,5.2448
2,11,5.2448
2,12,10.4896
2,12,10.4896
2,12,10.4896
2,12,10.4896
2,12,10.4896
2,12,10.4896
2,12,10.4896
2,12,10.4896
2,13,5.2448
2,13,5.2448
2,13,5.2448
2,13,5.2448
2,13,5.2448
2,13,5.2448
2,13,5.2448
2,13,5.2448
2,14,5.2448
2,14,5.2448
2,14,5.2448
2,14,5.2448
2,14,5.2448
2,14,5.2448
2,14,5.2448
2,14,5.2448
2,15,10.4896
2,15,10.4896
2,15,10.4896
2,15,10.4896
2,15,10.4896
2,15,10.4896
2,15,10.4896
2,15,10.4896
2,16,10.4896
2,16,10.4896
2,16,10.4896
2,16,10.4896
2,16,10.4896
2,16,10.4896
2,16,10.4896
2,16,10.4896
2,17,31.4683
2,17,31.4683
2,17,31.4683
2,17,31.4683
2,17,31.4683
2,17,31.4683
2,17,31.4683
2,17,31.4683
2,18,5.2448
2,18,5.2448
2,18,5.2448
2,18,5.2448
2,18,5.2448
2,18,5.2448
2,18,5.2448
2,18,5.2448
2,19,5.2448
2,19,5.2448
2,19,5.2448
2,19,5.2448
2,19,5.2448
2,19,5.2448
2,19,5.2448
2,19,5.2448
2,20,10.4896
2,20,10.4896
2,20,10.4896
2,20,10.4896
2,20,10.4896
2,20,10.4896
2,20,10.4896
2,20,10.4896
2,21,15.7345
2,21,15.7345
2,21,15.7345
2,21,15.7345
2,21,15.7345
2,21,15.7345
2,21,15.7345
2,21,15.7345
2,22,15.7345
2,22,15.7345
2,22,15.7345
2,22,15.7345
2,22,15.7345
2,22,15.7345
2,22,15.7345
2,22,15.7345
2,23,10.4896
2,23,10.4896
2,23,10.4896
2,23,10.4896
2,23,10.4896
2,23,10.4896
2,23,10.4896
2,23,10.4896
2,24,5.2448
2,24,5.2448
2,24,5.2448
2,24,5.2448
2,24,5.2448
2,24,5.2448
2,24,5.2448
2,24,5.2448
2,25,5.2448
2,25,5.2448
2,25,5.2448
2,25,5.2448
2,25,5.2448
2,25,5.2448
2,25,5.2448
2,25,5.2448
2,26,5.2448
2,26,5.2448
2,26,5.2448
2,26,5.2448
2,26,5.2448
2,26,5.2448
2,26,5.2448
2,26,5.2448
2,27,5.2448
2,27,5.2448
2,27,5.2448
2,27,5.2448
2,27,5.2448
2,27,5.2448
2,27,5.2448
2,27,5.2448
2,28,10.4896
2,28,10.4896
2,28,10.4896
2,28,10.4896
2,28,10.4896
2,28,10.4896
2,28,10.4896
2,28,10.4896
2,29,5.2448
2,29,5.2448
2,29,5.2448
2,29,5.2448
2,29,5.2448
2,29,5.2448
2,29,5.2448
2,29,5.2448
2,30,15.7345
2,30,15.7345
2,30,15.7345
2,30,15.7345
2,30,15.7345
2,30,15.7345
2,30,15.7345
2,30,15.7345
3,2,15.7345
3,2,15.7345
3,2,15.7345
3,2,15.7345
3,2,15.7345
3,2,15.7345
3,2,15.7345
3,2,15.7345
3,4,10.4896
3,4,10.4896
3,4,10.4896
3,4,10.4896
3,4,10.4896
3,4,10.4896
3,4,10.4896
3,4,10.4896
3,5,10.4896
3,5,10.4896
3,5,10.4896
3,5,10.4896
3,5,10.4896
3,5,10.4896
3,5,10.4896
3,5,10.4896
3,6,15.7345
3,6,15.7345
3,6,15.7345
3,6,15.7345
3,6,15.7345
3,6,15.7345
3,6,15.7345
3,6,15.7345
3,7,5.2448
3,7,5.2448
3,7,5.2448
3,7,5.2448
3,7,5.2448
3,7,5.2448
3,7,5.2448
3,7,5.2448
3,8,5.2448
3,8,5.2448
3,8,5.2448
3,8,5.2448
3,8,5.2448
3,8,5.2448
3,8,5.2448
3,8,5.2448
3,9,10.4896
3,9,10.4896
3,9,10.4896
3,9,10.4896
3,9,10.4896
3,9,10.4896
3,9,10.4896
3,9,10.4896
3,10,5.2448
3,10,5.2448
3,10,5.2448
3,10,5.2448
3,10,5.2448
3,10,5.2448
3,10,5.2448
3,10,5.2448
3,11,5.2448
3,11,5.2448
3,11,5.2448
3,11,5.2448
3,11,5.2448
3,11,5.2448
3,11,5.2448
3,11,5.2448
3,12,10.4896
3,12,10.4896
3,12,10.4896
3,12,10.4896
3,12,10.4896
3,12,10.4896
3,12,10.4896
3,12,10.4896
3,13,5.2448
3,13,5.2448
3,13,5.2448
3,13,5.2448
3,13,5.2448
3,13,5.2448
3,13,5.2448
3,13,5.2448
3,14,5.2448
3,14,5.2448
3,14,5.2448
3,14,5.2448
3,14,5.2448
3,14,5.2448
3,14,5.2448
3,14,5.2448
3,15,10.4896
3,15,10.4896
3,15,10.4896
3,15,10.4896
3,15,10.4896
3,15,10.4896
3,15,10.4896
3,15,10.4896
3,16,10.4896
3,16,10.4896
3,16,10.4896
3,16,10.4896
3,16,10.4896
3,16,10.4896
3,16,10.4896
3,16,10.4896
3,17,31.4683
3,17,31.4683
3,17,31.4683
3,17,31.4683
3,17,31.4683
3,17,31.4683
3,17,31.4683
3,17,31.4683
3,18,5.2448
3,18,5.2448
3,18,5.2448
3,18,5.2448
3,18,5.2448
3,18,5.2448
3,18,5.2448
3,18,5.2448
3,19,5.2448
3,19,5.2448
3,19,5.2448
3,19,5.2448
3,19,5.2448
3,19,5.2448
3,19,5.2448
3,19,5.2448
3,20,10.4896
3,20,10.4896
3,20,10.4896
3,20,10.4896
3,20,10.4896
3,20,10.4896
3,20,10.4896
3,20,10.4896
3,21,15.7345
3,21,15.7345
3,21,15.7345
3,21,15.7345
3,21,15.7345
3,21,15.7345
3,21,15.7345
3,21,15.7345
3,22,15.7345
3,22,15.7345
3,22,15.7345
3,22,15.7345
3,22,15.7345
3,22,15.7345
3,22,15.7345
3,22,15.7345
3,23,10.4896
3,23,10.4896
3,23,10.4896
3,23,10.4896
3,23,10.4896
3,23,10.4896
3,23,10.4896
3,23,10.4896
3,24,5.2448
3,24,5.2448
3,24,5.2448
3,24,5.2448
3,24,5.2448
3,24,5.2448
3,24,5.2448
3,24,5.2448
3,25,5.2448
3,25,5.2448
3,25,5.2448
3,25,5.2448
3,25,5.2448
3,25,5.2448
3,25,5.2448
3,25,5.2448
3,26,5.2448
3,26,5.2448
3,26,5.2448
3,26,5.2448
3,26,5.2448
3,26,5.2448
3,26,5.2448
3,26,5.2448
3,27,5.2448
3,27,5.2448
3,27,5.2448
3,27,5.2448
3,27,5.2448
3,27,5.2448
3,27,5.2448
3,27,5.2448
3,28,10.4896
3,28,10.4896
3,28,10.4896
3,28,10.4896
3,28,10.4896
3,28,10.4896
3,28,10.4896
3,28,10.4896
3,29,5.2448
3,29,5.2448
3,29,5.2448
3,29,5.2448
3,29,5.2448
3,29,5.2448
3,29,5.2448
3,29,5.2448
3,30,15.7345
3,30,15.7345
3,30,15.7345
3,30,15.7345
3,30,15.7345
3,30,15.7345
3,30,15.7345
3,30,15.7345
4,2,10.2917
4,2,10.2917
4,2,10.2917
4,2,10.2917
4,2,10.2917
4,2,10.2917
4,2,10.2917
4,2,10.2917
4,3,10.2917
4,3,10.2917
4,3,10.2917
4,3,10.2917
4,3,10.2917
4,3,10.2917
4,3,10.2917
4,3,10.2917
4,5,6.8611
4,5,6.8611
4,5,6.8611
4,5,6.8611
4,5,6.8611
4,5,6.8611
4,5,6.8611
4,5,6.8611
4,6,10.2917
4,6,10.2917
4,6,10.2917
4,6,10.2917
4,6,10.2917
4,6,10.2917
4,6,10.2917
4,6,10.2917
4,7,3.4306
4,7,3.4306
4,7,3.4306
4,7,3.4306
4,7,3.4306
4,7,3.4306
4,7,3.4306
4,7,3.4306
4,8,3.4306
4,8,3.4306
4,8,3.4306
4,8,3.4306
4,8,3.4306
4,8,3.4306
4,8,3.4306
4,8,3.4306
4,9,6.8611
4,9,6.8611
4,9,6.8611
4,9,6.8611
4,9,6.8611
4,9,6.8611
4,9,6.8611
4,9,6.8611
4,10,3.4306
4,10,3.4306
4,10,3.4306
4,10,3.4306
4,10,3.4306
4,10,3.4306
4,10,3.4306
4,10,3.4306
4,11,3.4306
4,11,3.4306
4,11,3.4306
4,11,3.4306
4,11,3.4306
4,11,3.4306
4,11,3.4306
4,11,3.4306
4,12,6.8611
4,12,6.8611
4,12,6.8611
4,12,6.8611
4,12,6.8611
4,12,6.8611
4,12,6.8611
4,12,6.8611
4,13,3.4306
4,13,3.4306
4,13,3.4306
4,13,3.4306
4,13,3.4306
4,13,3.4306
4,13,3.4306
4,13,3.4306
4,14,3.4306
4,14,3.4306
4,14,3.4306
4,14,3.4306
4,14,3.4306
4,14,3.4306
4,14,3.4306
4,14,3.4306
4,15,6.8611
4,15,6.8611
4,15,6.8611
4,15,6.8611
4,15,6.8611
4,15,6.8611
4,15,6.8611
4,15,6.8611
4,16,6.8611
4,16,6.8611
4,16,6.8611
4,16,6.8611
4,16,6.8611
4,16,6.8611
4,16,6.8611
4,16,6.8611
4,17,20.5831
4,17,20.5831
4,17,20.5831
4,17,20.5831
4,17,20.5831
4,17,20.5831
4,17,20.5831
4,17,20.5831
4,18,3.4306
4,18,3.4306
4,18,3.4306
4,18,3.4306
4,18,3.4306
4,18,3.4306
4,18,3.4306
4,18,3.4306
4,19,3.4306
4,19,3.4306
4,19,3.4306
4,19,3.4306
4,19,3.4306
4,19,3.4306
4,19,3.4306
4,19,3.4306
4,20,6.8611
4,20,6.8611
4,20,6.8611
4,20,6.8611
4,20,6.8611
4,20,6.8611
4,20,6.8611
4,20,6.8611
4,21,10.2917
4,21,10.2917
4,21,10.2917
4,21,10.2917
4,21,10.2917
4,21,10.2917
4,21,10.2917
4,21,10.2917
4,22,10.2917
4,22,10.2917
4,22,10.2917
4,22,10.2917
4,22,10.2917
4,22,10.2917
4,22,10.2917
4,22,10.2917
4,23,6.8611
4,23,6.8611
4,23,6.8611
4,23,6.8611
4,23,6.8611
4,23,6.8611
4,23,6.8611
4,23,6.8611
4,24,3.4306
4,24,3.4306
4,24,3.4306
4,24,3.4306
4,24,3.4306
4,24,3.4306
4,24,3.4306
4,24,3.4306
4,25,3.4306
4,25,3.4306
4,25,3.4306
4,25,3.4306
4,25,3.4306
4,25,3.4306
4,25,3.4306
4,25,3.4306
4,26,3.4306
4,26,3.4306
4,26,3.4306
4,26,3.4306
4,26,3.4306
4,26,3.4306
4,26,3.4306
4,26,3.4306
4,27,3.4306
4,27,3.4306
4,27,3.4306
4,27,3.4306
4,27,3.4306
4,27,3.4306
4,27,3.4306
4,27,3.4306
4,28,6.8611
4,28,6.8611
4,28,6.8611
4,28,6.8611
4,28,6.8611
4,28,6.8611
4,28,6.8611
4,28,6.8611
4,29,3.4306
4,29,3.4306
4,29,3.4306
4,29,3.4306
4,29,3.4306
4,29,3.4306
4,29,3.4306
4,29,3.4306
4,30,10.2917
4,30,10.2917
4,30,10.2917
4,30,10.2917
4,30,10.2917
4,30,10.2917
4,30,10.2917
4,30,10.2917
5,2,10.2917
5,2,10.2917
5,2,10.2917
5,2,10.2917
5,2,10.2917
5,2,10.2917
5,2,10.2917
5,2,10.2917
5,3,10.2917
5,3,10.2917
5,3,10.2917
5,3,10.2917
5,3,10.2917
5,3,10.2917
5,3,10.2917
5,3,10.2917
5,4,6.8611
5,4,6.8611
5,4,6.8611
5,4,6.8611
5,4,6.8611
5,4,6.8611
5,4,6.8611
5,4,6.8611
5,6,10.2917
5,6,10.2917
5,6,10.2917
5,6,10.2917
5,6,10.2917
5,6,10.2917
5,6,10.2917
5,6,10.2917
5,7,3.4306
5,7,3.4306
5,7,3.4306
5,7,3.4306
5,7,3.4306
5,7,3.4306
5,7,3.4306
5,7,3.4306
5,8,3.4306
5,8,3.4306
5,8,3.4306
5,8,3.4306
5,8,3.4306
5,8,3.4306
5,8,3.4306
5,8,3.4306
5,9,6.8611
5,9,6.8611
5,9,6.8611
5,9,6.8611
5,9,6.8611
5,9,6.8611
5,9,6.8611
5,9,6.8611
5,10,3.4306
5,10,3.4306
5,10,3.4306
5,10,3.4306
5,10,3.4306
5,10,3.4306
5,10,3.4306
5,10,3.4306
5,11,3.4306
5,11,3.4306
5,11,3.4306
5,11,3.4306
5,11,3.4306
5,11,3.4306
5,11,3.4306
5,11,3.4306
5,12,6.8611
5,12,6.8611
5,12,6.8611
5,12,6.8611
5,12,6.8611
5,12,6.8611
5,12,6.8611
5,12,6.8611
5,13,3.4306
5,13,3.4306
5,13,3.4306
5,13,3.4306
5,13,3.4306
5,13,3.4306
5,13,3.4306
5,13,3.4306
5,14,3.4306
5,14,3.4306
5,14,3.4306
5,14,3.4306
5,14,3.4306
5,14,3.4306
5,14,3.4306
5,14,3.4306
5,15,6.8611
5,15,6.8611
5,15,6.8611
5,15,6.8611
5,15,6.8611
5,15,6.8611
5,15,6.8611
5,15,6.8611
5,16,6.8611
5,16,6.8611
5,16,6.8611
5,16,6.8611
5,16,6.8611
5,16,6.8611
5,16,6.8611
5,16,6.8611
5,17,20.5831
5,17,20.5831
5,17,20.5831
5,17,20.5831
5,17,20.5831
5,17,20.5831
5,17,20.5831
5,17,20.5831
5,18,3.4306
5,18,3.4306
5,18,3.4306
5,18,3.4306
5,18,3.4306
5,18,3.4306
5,18,3.4306
5,18,3.4306
5,19,3.4306
5,19,3.4306
5,19,3.4306
5,19,3.4306
5,19,3.4306
5,19,3.4306
5,19,3.4306
5,19,3.4306
5,20,6.8611
5,20,6.8611
5,20,6.8611
5,20,6.8611
5,20,6.8611
5,20,6.8611
5,20,6.8611
5,20,6.8611
5,21,10.2917
5,21,10.2917
5,21,10.2917
5,21,10.2917
5,21,10.2917
5,21,10.2917
5,21,10.2917
5,21,10.2917
5,22,10.2917
5,22,10.2917
5,22,10.2917
5,22,10.2917
5,22,10.2917
5,22,10.2917
5,22,10.2917
5,22,10.2917
5,23,6.8611
5,23,6.8611
5,23,6.8611
5,23,6.8611
5,23,6.8611
5,23,6.8611
5,23,6.8611
5,23,6.8611
5,24,3.4306
5,24,3.4306
5,24,3.4306
5,24,3.4306
5,24,3.4306
5,24,3.4306
5,24,3.4306
5,24,3.4306
5,25,3.4306
5,25,3.4306
5,25,3.4306
5,25,3.4306
5,25,3.4306
5,25,3.4306
5,25,3.4306
5,25,3.4306
5,26,3.4306
5,26,3.4306
5,26,3.4306
5,26,3.4306
5,26,3.4306
5,26,3.4306
5,26,3.4306
5,26,3.4306
5,27,3.4306
5,27,3.4306
5,27,3.4306
5,27,3.4306
5,27,3.4306
5,27,3.4306
5,27,3.4306
5,27,3.4306
5,28,6.8611
5,28,6.8611
5,28,6.8611
5,28,6.8611
5,28,6.8611
5,28,6.8611
5,28,6.8611
5,28,6.8611
5,29,3.4306
5,29,3.4306
5,29,3.4306
5,29,3.4306
5,29,3.4306
5,29,3.4306
5,29,3.4306
5,29,3.4306
5,30,10.2917
5,30,10.2917
5,30,10.2917
5,30,10.2917
5,30,10.2917
5,30,10.2917
5,30,10.2917
5,30,10.2917
6,2,15.7345
6,2,15.7345
6,2,15.7345
6,2,15.7345
6,2,15.7345
6,2,15.7345
6,2,15.7345
6,2,15.7345
6,3,15.7345
6,3,15.7345
6,3,15.7345
6,3,15.7345
6,3,15.7345
6,3,15.7345
6,3,15.7345
6,3,15.7345
6,4,10.4896
6,4,10.4896
6,4,10.4896
6,4,10.4896
6,4,10.4896
6,4,10.4896
6,4,10.4896
6,4,10.4896
6,5,10.4896
6,5,10.4896
6,5,10.4896
6,5,10.4896
6,5,10.4896
6,5,10.4896
6,5,10.4896
6,5,10.4896
6,7,5.2448
6,7,5.2448
6,7,5.2448
6,7,5.2448
6,7,5.2448
6,7,5.2448
6,7,5.2448
6,7,5.2448
6,8,5.2448
6,8,5.2448
6,8,5.2448
6,8,5.2448
6,8,5.2448
6,8,5.2448
6,8,5.2448
6,8,5.2448
6,9,10.4896
6,9,10.4896
6,9,10.4896
6,9,10.4896
6,9,10.4896
6,9,10.4896
6,9,10.4896
6,9,10.4896
6,10,5.2448
6,10,5.2448
6,10,5.2448
6,10,5.2448
6,10,5.2448
6,10,5.2448
6,10,5.2448
6,10,5.2448
6,11,5.2448
6,11,5.2448
6,11,5.2448
6,11,5.2448
6,11,5.2448
6,11,5.2448
6,11,5.2448
6,11,5.2448
6,12,10.4896
6,12,10.4896
6,12,10.4896
6,12,10.4896
6,12,10.4896
6,12,10.4896
6,12,10.4896
6,12,10.4896
6,13,5.2448
6,13,5.2448
6,13,5.2448
6,13,5.2448
6,13,5.2448
6,13,5.2448
6,13,5.2448
6,13,5.2448
6,14,5.2448
6,14,5.2448
6,14,5.2448
6,14,5.2448
6,14,5.2448
6,14,5.2448
6,14,5.2448
6,14,5.2448
6,15,10.4896
6,15,10.4896
6,15,10.4896
6,15,10.4896
6,15,10.4896
6,15,10.4896
6,15,10.4896
6,15,10.4896
6,16,10.4896
6,16,10.4896
6,16,10.4896
6,16,10.4896
6,16,10.4896
6,16,10.4896
6,16,10.4896
6,16,10.4896
6,17,31.4683
6,17,31.4683
6,17,31.4683
6,17,31.4683
6,17,31.4683
6,17,31.4683
6,17,31.4683
6,17,31.4683
6,18,5.2448
6,18,5.2448
6,18,5.2448
6,18,5.2448
6,18,5.2448
6,18,5.2448
6,18,5.2448
6,18,5.2448
6,19,5.2448
6,19,5.2448
6,19,5.2448
6,19,5.2448
6,19,5.2448
6,19,5.2448
6,19,5.2448
6,19,5.2448
6,20,10.4896
6,20,10.4896
6,20,10.4896
6,20,10.4896
6,20,10.4896
6,20,10.4896
6,20,10.4896
6,20,10.4896
6,21,15.7345
6,21,15.7345
6,21,15.7345
6,21,15.7345
6,21,15.7345
6,21,15.7345
6,21,15.7345
6,21,15.7345
6,22,15.7345
6,22,15.7345
6,22,15.7345
6,22,15.7345
6,22,15.7345
6,22,15.7345
6,22,15.7345
6,22,15.7345
6,23,10.4896
6,23,10.4896
6,23,10.4896
6,23,10.4896
6,23,10.4896
6,23,10.4896
6,23,10.4896
6,23,10.4896
6,24,5.2448
6,24,5.2448
6,24,5.2448
6,24,5.2448
6,24,5.2448
6,24,5.2448
6,24,5.2448
6,24,5.2448
6,25,5.2448
6,25,5.2448
6,25,5.2448
6,25,5.2448
6,25,5.2448
6,25,5.2448
6,25,5.2448
6,25,5.2448
6,26,5.2448
6,26,5.2448
6,26,5.2448
6,26,5.2448
6,26,5.2448
6,26,5.2448
6,26,5.2448
6,26,5.2448
6,27,5.2448
6,27,5.2448
6,27,5.2448
6,27,5.2448
6,27,5.2448
6,27,5.2448
6,27,5.2448
6,27,5.2448
6,28,10.4896
6,28,10.4896
6,28,10.4896
6,28,10.4896
6,28,10.4896
6,28,10.4896
6,28,10.4896
6,28,10.4896
6,29,5.2448
6,29,5.2448
6,29,5.2448
6,29,5.2448
6,29,5.2448
6,29,5.2448
6,29,5.2448
6,29,5.2448
6,30,15.7345
6,30,15.7345
6,30,15.7345
6,30,15.7345
6,30,15.7345
6,30,15.7345
6,30,15.7345
6,30,15.7345
7,2,5.0506
7,2,5.0506
7,2,5.0506
7,2,5.0506
7,2,5.0506
7,2,5.0506
7,2,5.0506
7,2,5.0506
7,3,5.0506
7,3,5.0506
7,3,5.0506
7,3,5.0506
7,3,5.0506
7,3,5.0506
7,3,5.0506
7,3,5.0506
7,4,3.367
7,4,3.367
7,4,3.367
7,4,3.367
7,4,3.367
7,4,3.367
7,4,3.367
7,4,3.367
7,5,3.367
7,5,3.367
7,5,3.367
7,5,3.367
7,5,3.367
7,5,3.367
7,5,3.367
7,5,3.367
7,6,5.0506
7,6,5.0506
7,6,5.0506
7,6,5.0506
7,6,5.0506
7,6,5.0506
7,6,5.0506
7,6,5.0506
7,8,1.6835
7,8,1.6835
7,8,1.6835
7,8,1.6835
7,8,1.6835
7,8,1.6835
7,8,1.6835
7,8,1.6835
7,9,3.367
7,9,3.367
7,9,3.367
7,9,3.367
7,9,3.367
7,9,3.367
7,9,3.367
7,9,3.367
7,10,1.6835
7,10,1.6835
7,10,1.6835
7,10,1.6835
7,10,1.6835
7,10,1.6835
7,10,1.6835
7,10,1.6835
7,11,1.6835
7,11,1.6835
7,11,1.6835
7,11,1.6835
7,11,1.6835
7,11,1.6835
7,11,1.6835
7,11,1.6835
7,12,3.367
7,12,3.367
7,12,3.367
7,12,3.367
7,12,3.367
7,12,3.367
7,12,3.367
7,12,3.367
7,13,1.6835
7,13,1.6835
7,13,1.6835
7,13,1.6835
7,13,1.6835
7,13,1.6835
7,13,1.6835
7,13,1.6835
7,14,1.6835
7,14,1.6835
7,14,1.6835
7,14,1.6835
7,14,1.6835
7,14,1.6835
7,14,1.6835
7,14,1.6835
7,15,3.367
7,15,3.367
7,15,3.367
7,15,3.367
7,15,3.367
7,15,3.367
7,15,3.367
7,15,3.367
7,16,3.367
7,16,3.367
7,16,3.367
7,16,3.367
7,16,3.367
7,16,3.367
7,16,3.367
7,16,3.367
7,17,10.1009
7,17,10.1009
7,17,10.1009
7,17,10.1009
7,17,10.1009
7,17,10.1009
7,17,10.1009
7,17,10.1009
7,18,1.6835
7,18,1.6835
7,18,1.6835
7,18,1.6835
7,18,1.6835
7,18,1.6835
7,18,1.6835
7,18,1.6835
7,19,1.6835
7,19,1.6835
7,19,1.6835
7,19,1.6835
7,19,1.6835
7,19,1.6835
7,19,1.6835
7,19,1.6835
7,20,3.367
7,20,3.367
7,20,3.367
7,20,3.367
7,20,3.367
7,20,3.367
7,20,3.367
7,20,3.367
7,21,5.0506
7,21,5.0506
7,21,5.0506
7,21,5.0506
7,21,5.0506
7,21,5.0506
7,21,5.0506
7,21,5.0506
7,22,5.0506
7,22,5.0506
7,22,5.0506
7,22,5.0506
7,22,5.0506
7,22,5.0506
7,22,5.0506
7,22,5.0506
7,23,3.367
7,23,3.367
7,23,3.367
7,23,3.367
7,23,3.367
7,23,3.367
7,23,3.367
7,23,3.367
7,24,1.6835
7,24,1.6835
7,24,1.6835
7,24,1.6835
7,24,1.6835
7,24,1.6835
7,24,1.6835
7,24,1.6835
7,25,1.6835
7,25,1.6835
7,25,1.6835
7,25,1.6835
7,25,1.6835
7,25,1.6835
7,25,1.6835
7,25,1.6835
7,26,1.6835
7,26,1.6835
7,26,1.6835
7,26,1.6835
7,26,1.6835
7,26,1.6835
7,26,1.6835
7,26,1.6835
7,27,1.6835
7,27,1.6835
7,27,1.6835
7,27,1.6835
7,27,1.6835
7,27,1.6835
7,27,1.6835
7,27,1.6835
7,28,3.367
7,28,3.367
7,28,3.367
7,28,3.367
7,28,3.367
7,28,3.367
7,28,3.367
7,28,3.367
7,29,1.6835
7,29,1.6835
7,29,1.6835
7,29,1.6835
7,29,1.6835
7,29,1.6835
7,29,1.6835
7,29,1.6835
7,30,5.0506
7,30,5.0506
7,30,5.0506
7,30,5.0506
7,30,5.0506
7,30,5.0506
7,30,5.0506
7,30,5.0506
8,2,5.0506
8,2,5.0506
8,2,5.0506
8,2,5.0506
8,2,5.0506
8,2,5.0506
8,2,5.0506
8,2,5.0506
8,3,5.0506
8,3,5.0506
8,3,5.0506
8,3,5.0506
8,3,5.0506
8,3,5.0506
8,3,5.0506
8,3,5.0506
8,4,3.367
8,4,3.367
8,4,3.367
8,4,3.367
8,4,3.367
8,4,3.367
8,4,3.367
8,4,3.367
8,5,3.367
8,5,3.367
8,5,3.367
8,5,3.367
8,5,3.367
8,5,3.367
8,5,3.367
8,5,3.367
8,6,5.0506
8,6,5.0506
8,6,5.0506
8,6,5.0506
8,6,5.0506
8,6,5.0506
8,6,5.0506
8,6,5.0506
8,7,1.6835
8,7,1.6835
8,7,1.6835
8,7,1.6835
8,7,1.6835
8,7,1.6835
8,7,1.6835
8,7,1.6835
8,9,3.367
8,9,3.367
8,9,3.367
8,9,3.367
8,9,3.367
8,9,3.367
8,9,3.367
8,9,3.367
8,10,1.6835
8,10,1.6835
8,10,1.6835
8,10,1.6835
8,10,1.6835
8,10,1.6835
8,10,1.6835
8,10,1.6835
8,11,1.6835
8,11,1.6835
8,11,1.6835
8,11,1.6835
8,11,1.6835
8,11,1.6835
8,11,1.6835
8,11,1.6835
8,12,3.367
8,12,3.367
8,12,3.367
8,12,3.367
8,12,3.367
8,12,3.367
8,12,3.367
8,12,3.367
8,13,1.6835
8,13,1.6835
8,13,1.6835
8,13,1.6835
8,13,1.6835
8,13,1.6835
8,13,1.6835
8,13,1.6835
8,14,1.6835
8,14,1.6835
8,14,1.6835
8,14,1.6835
8,14,1.6835
8,14,1.6835
8,14,1.6835
8,14,1.6835
8,15,3.367
8,15,3.367
8,15,3.367
8,15,3.367
8,15,3.367
8,15,3.367
8,15,3.367
8,15,3.367
8,16,3.367
8,16,3.367
8,16,3.367
8,16,3.367
8,16,3.367
8,16,3.367
8,16,3.367
8,16,3.367
8,17,10.1009
8,17,10.1009
8,17,10.1009
8,17,10.1009
8,17,10.1009
8,17,10.1009
8,17,10.1009
8,17,10.1009
8,18,1.6835
8,18,1.6835
8,18,1.6835
8,18,1.6835
8,18,1.6835
8,18,1.6835
8,18,1.6835
8,18,1.6835
8,19,1.6835
8,19,1.6835
8,19,1.6835
8,19,1.6835
8,19,1.6835
8,19,1.6835
8,19,1.6835
8,19,1.6835
8,20,3.367
8,20,3.367
8,20,3.367
8,20,3.367
8,20,3.367
8,20,3.367
8,20,3.367
8,20,3.367
8,21,5.0506
8,21,5.0506
8,21,5.0506
8,21,5.0506
8,21,5.0506
8,21,5.0506
8,21,5.0506
8,21,5.0506
8,22,5.0506
8,22,5.0506
8,22,5.0506
8,22,5.0506
8,22,5.0506
8,22,5.0506
8,22,5.0506
8,22,5.0506
8,23,3.367
8,23,3.367
8,23,3.367
8,23,3.367
8,23,3.367
8,23,3.367
8,23,3.367
8,23,3.367
8,24,1.6835
8,24,1.6835
8,24,1.6835
8,24,1.6835
8,24,1.6835
8,24,1.6835
8,24,1.6835
8,24,1.6835
8,25,1.6835
8,25,1.6835
8,25,1.6835
8,25,1.6835
8,25,1.6835
8,25,1.6835
8,25,1.6835
8,25,1.6835
8,26,1.6835
8,26,1.6835
8,26,1.6835
8,26,1.6835
8,26,1.6835
8,26,1.6835
8,26,1.6835
8,26,1.6835
8,27,1.6835
8,27,1.6835
8,27,1.6835
8,27,1.6835
8,27,1.6835
8,27,1.6835
8,27,1.6835
8,27,1.6835
8,28,3.367
8,28,3.367
8,28,3.367
8,28,3.367
8,28,3.367
8,28,3.367
8,28,3.367
8,28,3.367
8,29,1.6835
8,29,1.6835
8,29,1.6835
8,29,1.6835
8,29,1.6835
8,29,1.6835
8,29,1.6835
8,29,1.6835
8,30,5.0506
8,30,5.0506
8,30,5.0506
8,30,5.0506
8,30,5.0506
8,30,5.0506
8,30,5.0506
8,30,5.0506
9,2,10.2917
9,2,10.2917
9,2,10.2917
9,2,10.2917
9,2,10.2917
9,2,10.2917
9,2,10.2917
9,2,10.2917
9,3,10.2917
9,3,10.2917
9,3,10.2917
9,3,10.2917
9,3,10.2917
9,3,10.2917
9,3,10.2917
9,3,10.2917
9,4,6.8611
9,4,6.8611
9,4,6.8611
9,4,6.8611
9,4,6.8611
9,4,6.8611
9,4,6.8611
9,4,6.8611
9,5,6.8611
9,5,6.8611
9,5,6.8611
9,5,6.8611
9,5,6.8611
9,5,6.8611
9,5,6.8611
9,5,6.8611
9,6,10.2917
9,6,10.2917
9,6,10.2917
9,6,10.2917
9,6,10.2917
9,6,10.2917
9,6,10.2917
9,6,10.2917
9,7,3.4306
9,7,3.4306
9,7,3.4306
9,7,3.4306
9,7,3.4306
9,7,3.4306
9,7,3.4306
9,7,3.4306
9,8,3.4306
9,8,3.4306
9,8,3.4306
9,8,3.4306
9,8,3.4306
9,8,3.4306
9,8,3.4306
9,8,3.4306
9,10,3.4306
9,10,3.4306
9,10,3.4306
9,10,3.4306
9,10,3.4306
9,10,3.4306
9,10,3.4306
9,10,3.4306
9,11,3.4306
9,11,3.4306
9,11,3.4306
9,11,3.4306
9,11,3.4306
9,11,3.4306
9,11,3.4306
9,11,3.4306
9,12,6.8611
9,12,6.8611
9,12,6.8611
9,12,6.8611
9,12,6.8611
9,12,6.8611
9,12,6.8611
9,12,6.8611
9,13,3.4306
9,13,3.4306
9,13,3.4306
9,13,3.4306
9,13,3.4306
9,13,3.4306
9,13,3.4306
9,13,3.4306
9,14,3.4306
9,14,3.4306
9,14,3.4306
9,14,3.4306
9,14,3.4306
9,14,3.4306
9,14,3.4306
9,14,3.4306
9,15,6.8611
9,15,6.8611
9,15,6.8611
9,15,6.8611
9,15,6.8611
9,15,6.8611
9,15,6.8611
9,15,6.8611
9,16,6.8611
9,16,6.8611
9,16,6.8611
9,16,6.8611
9,16,6.8611
9,16,6.8611
9,16,6.8611
9,16,6.8611
9,17,20.5831
9,17,20.5831
9,17,20.5831
9,17,20.5831
9,17,20.5831
9,17,20.5831
9,17,20.5831
9,17,20.5831
9,18,3.4306
9,18,3.4306
9,18,3.4306
9,18,3.4306
9,18,3.4306
9,18,3.4306
9,18,3.4306
9,18,3.4306
9,19,3.4306
9,19,3.4306
9,19,3.4306
9,19,3.4306
9,19,3.4306
9,19,3.4306
9,19,3.4306
9,19,3.4306
9,20,6.8611
9,20,6.8611
9,20,6.8611
9,20,6.8611
9,20,6.8611
9,20,6.8611
9,20,6.8611
9,20,6.8611
9,21,10.2917
9,21,10.2917
9,21,10.2917
9,21,10.2917
9,21,10.2917
9,21,10.2917
9,21,10.2917
9,21,10.2917
9,22,10.2917
9,22,10.2917
9,22,10.2917
9,22,10.2917
9,22,10.2917
9,22,10.2917
9,22,10.2917
9,22,10.2917
9,23,6.8611
9,23,6.8611
9,23,6.8611
9,23,6.8611
9,23,6.8611
9,23,6.8611
9,23,6.8611
9,23,6.8611
9,24,3.4306
9,24,3.4306
9,24,3.4306
9,24,3.4306
9,24,3.4306
9,24,3.4306
9,24,3.4306
9,24,3.4306
9,25,3.4306
9,25,3.4306
9,25,3.4306
9,25,3.4306
9,25,3.4306
9,25,3.4306
9,25,3.4306
9,25,3.4306
9,26,3.4306
9,26,3.4306
9,26,3.4306
9,26,3.4306
9,26,3.4306
9,26,3.4306
9,26,3.4306
9,26,3.4306
9,27,3.4306
9,27,3.4306
9,27,3.4306
9,27,3.4306
9,27,3.4306
9,27,3.4306
9,27,3.4306
9,27,3.4306
9,28,6.8611
9,28,6.8611
9,28,6.8611
9,28,6.8611
9,28,6.8611
9,28,6.8611
9,28,6.8611
9,28,6.8611
9,29,3.4306
9,29,3.4306
9,29,3.4306
9,29,3.4306
9,29,3.4306
9,29,3.4306
9,29,3.4306
9,29,3.4306
9,30,10.2917
9,30,10.2917
9,30,10.2917
9,30,10.2917
9,30,10.2917
9,30,10.2917
9,30,10.2917
9,30,10.2917
10,2,5.0506
10,2,5.0506
10,2,5.0506
10,2,5.0506
10,2,5.0506
10,2,5.0506
10,2,5.0506
10,2,5.0506
10,3,5.0506
10,3,5.0506
10,3,5.0506
10,3,5.0506
10,3,5.0506
10,3,5.0506
10,3,5.0506
10,3,5.0506
10,4,3.367
10,4,3.367
10,4,3.367
10,4,3.367
10,4,3.367
10,4,3.367
10,4,3.367
10,4,3.367
10,5,3.367
10,5,3.367
10,5,3.367
10,5,3.367
10,5,3.367
10,5,3.367
10,5,3.367
10,5,3.367
10,6,5.0506
10,6,5.0506
10,6,5.0506
10,6,5.0506
10,6,5.0506
10,6,5.0506
10,6,5.0506
10,6,5.0506
10,7,1.6835
10,7,1.6835
10,7,1.6835
10,7,1.6835
10,7,1.6835
10,7,1.6835
10,7,1.6835
10,7,1.6835
10,8,1.6835
10,8,1.6835
10,8,1.6835
10,8,1.6835
10,8,1.6835
10,8,1.6835
10,8,1.6835
10,8,1.6835
10,9,3.367
10,9,3.367
10,9,3.367
10,9,3.367
10,9,3.367
10,9,3.367
10,9,3.367
10,9,3.367
10,11,1.6835
10,11,1.6835
10,11,1.6835
10,11,1.6835
10,11,1.6835
10,11,1.6835
10,11,1.6835
10,11,1.6835
10,12,3.367
10,12,3.367
10,12,3.367
10,12,3.367
10,12,3.367
10,12,3.367
10,12,3.367
10,12,3.367
10,13,1.6835
10,13,1.6835
10,13,1.6835
10,13,1.6835
10,13,1.6835
10,13,1.6835
10,13,1.6835
10,13,1.6835
10,14,1.6835
10,14,1.6835
10,14,1.6835
10,14,1.6835
10,14,1.6835
10,14,1.6835
10,14,1.6835
10,14,1.6835
10,15,3.367
10,15,3.367
10,15,3.367
10,15,3.367
10,15,3.367
10,15,3.367
10,15,3.367
10,15,3.367
10,16,3.367
10,16,3.367
10,16,3.367
10,16,3.367
10,16,3.367
10,16,3.367
10,16,3.367
10,16,3.367
10,17,10.1009
10,17,10.1009
10,17,10.1009
10,17,10.1009
10,17,10.1009
10,17,10.1009
10,17,10.1009
10,17,10.1009
10,18,1.6835
10,18,1.6835
10,18,1.6835
10,18,1.6835
10,18,1.6835
10,18,1.6835
10,18,1.6835
10,18,1.6835
10,19,1.6835
10,19,1.6835
10,19,1.6835
10,19,1.6835
10,19,1.6835
10,19,1.6835
10,19,1.6835
10,19,1.6835
10,20,3.367
10,20,3.367
10,20,3.367
10,20,3.367
10,20,3.367
10,20,3.367
10,20,3.367
10,20,3.367
10,21,5.0506
10,21,5.0506
10,21,5.0506
10,21,5.0506
10,21,5.0506
10,21,5.0506
10,21,5.0506
10,21,5.0506
10,22,5.0506
10,22,5.0506
10,22,5.0506
10,22,5.0506
10,22,5.0506
10,22,5.0506
10,22,5.0506
10,22,5.0506
10,23,3.367
10,23,3.367
10,23,3.367
10,23,3.367
10,23,3.367
10,23,3.367
10,23,3.367
10,23,3.367
10,24,1.6835
10,24,1.6835
10,24,1.6835
10,24,1.6835
10,24,1.6835
10,24,1.6835
10,24,1.6835
10,24,1.6835
10,25,1.6835
10,25,1.6835
10,25,1.6835
10,25,1.6835
10,25,1.6835
10,25,1.6835
10,25,1.6835
10,25,1.6835
10,26,1.6835
10,26,1.6835
10,26,1.6835
10,26,1.6835
10,26,1.6835
10,26,1.6835
10,26,1.6835
10,26,1.6835
10,27,1.6835
10,27,1.6835
10,27,1.6835
10,27,1.6835
10,27,1.6835
10,27,1.6835
10,27,1.6835
10,27,1.6835
10,28,3.367
10,28,3.367
10,28,3.367
10,28,3.367
10,28,3.367
10,28,3.367
10,28,3.367
10,28,3.367
10,29,1.6835
10,29,1.6835
10,29,1.6835
10,29,1.6835
10,29,1.6835
10,29,1.6835
10,29,1.6835
10,29,1.6835
10,30,5.0506
10,30,5.0506
10,30,5.0506
10,30,5.0506
10,30,5.0506
10,30,5.0506
10,30,5.0506
10,30,5.0506
11,2,5.0506
11,2,5.0506
11,2,5.0506
11,2,5.0506
11,2,5.0506
11,2,5.0506
11,2,5.0506
11,2,5.0506
11,3,5.0506
11,3,5.0506
11,3,5.0506
11,3,5.0506
11,3,5.0506
11,3,5.0506
11,3,5.0506
11,3,5.0506
11,4,3.367
11,4,3.367
11,4,3.367
11,4,3.367
11,4,3.367
11,4,3.367
11,4,3.367
11,4,3.367
11,5,3.367
11,5,3.367
11,5,3.367
11,5,3.367
11,5,3.367
11,5,3.367
11,5,3.367
11,5,3.367
11,6,5.0506
11,6,5.0506
11,6,5.0506
11,6,5.0506
11,6,5.0506
11,6,5.0506
11,6,5.0506
11,6,5.0506
11,7,1.6835
11,7,1.6835
11,7,1.6835
11,7,1.6835
11,7,1.6835
11,7,1.6835
11,7,1.6835
11,7,1.6835
11,8,1.6835
11,8,1.6835
11,8,1.6835
11,8,1.6835
11,8,1.6835
11,8,1.6835
11,8,1.6835
11,8,1.6835
11,9,3.367
11,9,3.367
11,9,3.367
11,9,3.367
11,9,3.367
11,9,3.367
11,9,3.367
11,9,3.367
11,10,1.6835
11,10,1.6835
11,10,1.6835
11,10,1.6835
11,10,1.6835
11,10,1.6835
11,10,1.6835
11,10,1.6835
11,12,3.367
11,12,3.367
11,12,3.367
11,12,3.367
11,12,3.367
11,12,3.367
11,12,3.367
11,12,3.367
11,13,1.6835
11,13,1.6835
11,13,1.6835
11,13,1.6835
11,13,1.6835
11,13,1.6835
11,13,1.6835
11,13,1.6835
11,14,1.6835
11,14,1.6835
11,14,1.6835
11,14,1.6835
11,14,1.6835
11,14,1.6835
11,14,1.6835
11,14,1.6835
11,15,3.367
11,15,3.367
11,15,3.367
11,15,3.367
11,15,3.367
11,15,3.367
11,15,3.367
11,15,3.367
11,16,3.367
11,16,3.367
11,16,3.367
11,16,3.367
11,16,3.367
11,16,3.367
11,16,3.367
11,16,3.367
11,17,10.1009
11,17,10.1009
11,17,10.1009
11,17,10.1009
11,17,10.1009
11,17,10.1009
11,17,10.1009
11,17,10.1009
11,18,1.6835
11,18,1.6835
11,18,1.6835
11,18,1.6835
11,18,1.6835
11,18,1.6835
11,18,1.6835
11,18,1.6835
11,19,1.6835
11,19,1.6835
11,19,1.6835
11,19,1.6835
11,19,1.6835
11,19,1.6835
11,19,1.6835
11,19,1.6835
11,20,3.367
11,20,3.367
11,20,3.367
11,20,3.367
11,20,3.367
11,20,3.367
11,20,3.367
11,20,3.367
11,21,5.0506
11,21,5.0506
11,21,5.0506
11,21,5.0506
11,21,5.0506
11,21,5.0506
11,21,5.0506
11,21,5.0506
11,22,5.0506
11,22,5.0506
11,22,5.0506
11,22,5.0506
11,22,5.0506
11,22,5.0506
11,22,5.0506
11,22,5.0506
11,23,3.367
11,23,3.367
11,23,3.367
11,23,3.367
11,23,3.367
11,23,3.367
11,23,3.367
11,23,3.367
11,24,1.6835
11,24,1.6835
11,24,1.6835
11,24,1.6835
11,24,1.6835
11,24,1.6835
11,24,1.6835
11,24,1.6835
11,25,1.6835
11,25,1.6835
11,25,1.6835
11,25,1.6835
11,25,1.6835
11,25,1.6835
11,25,1.6835
11,25,1.6835
11,26,1.6835
11,26,1.6835
11,26,1.6835
11,26,1.6835
11,26,1.6835
11,26,1.6835
11,26,1.6835
11,26,1.6835
11,27,1.6835
11,27,1.6835
11,27,1.6835
11,27,1.6835
11,27,1.6835
11,27,1.6835
11,27,1.6835
11,27,1.6835
11,28,3.367
11,28,3.367
11,28,3.367
11,28,3.367
11,28,3.367
11,28,3.367
11,28,3.367
11,28,3.367
11,29,1.6835
11,29,1.6835
11,29,1.6835
11,29,1.6835
11,29,1.6835
11,29,1.6835
11,29,1.6835
11,29,1.6835
11,30,5.0506
11,30,5.0506
11,30,5.0506
11,30,5.0506
11,30,5.0506
11,30,5.0506
11,30,5.0506
11,30,5.0506
12,2,10.2917
12,2,10.2917
12,2,10.2917
12,2,10.2917
12,2,10.2917
12,2,10.2917
12,2,10.2917
12,2,10.2917
12,3,10.2917
12,3,10.2917
12,3,10.2917
12,3,10.2917
12,3,10.2917
12,3,10.2917
12,3,10.2917
12,3,10.2917
12,4,6.8611
12,4,6.8611
12,4,6.8611
12,4,6.8611
12,4,6.8611
12,4,6.8611
12,4,6.8611
12,4,6.8611
12,5,6.8611
12,5,6.8611
12,5,6.8611
12,5,6.8611
12,5,6.8611
12,5,6.8611
12,5,6.8611
12,5,6.8611
12,6,10.2917
12,6,10.2917
12,6,10.2917
12,6,10.2917
12,6,10.2917
12,6,10.2917
12,6,10.2917
12,6,10.2917
12,7,3.4306
12,7,3.4306
12,7,3.4306
12,7,3.4306
12,7,3.4306
12,7,3.4306
12,7,3.4306
12,7,3.4306
12,8,3.4306
12,8,3.4306
12,8,3.4306
12,8,3.4306
12,8,3.4306
12,8,3.4306
12,8,3.4306
12,8,3.4306
12,9,6.8611
12,9,6.8611
12,9,6.8611
12,9,6.8611
12,9,6.8611
12,9,6.8611
12,9,6.8611
12,9,6.8611
12,10,3.4306
12,10,3.4306
12,10,3.4306
12,10,3.4306
12,10,3.4306
12,10,3.4306
12,10,3.4306
12,10,3.4306
12,11,3.4306
12,11,3.4306
12,11,3.4306
12,11,3.4306
12,11,3.4306
12,11,3.4306
12,11,3.4306
12,11,3.4306
12,13,3.4306
12,13,3.4306
12,13,3.4306
12,13,3.4306
12,13,3.4306
12,13,3.4306
12,13,3.4306
12,13,3.4306
12,14,3.4306
12,14,3.4306
12,14,3.4306
12,14,3.4306
12,14,3.4306
12,14,3.4306
12,14,3.4306
12,14,3.4306
12,15,6.8611
12,15,6.8611
12,15,6.8611
12,15,6.8611
12,15,6.8611
12,15,6.8611
12,15,6.8611
12,15,6.8611
12,16,6.8611
12,16,6.8611
12,16,6.8611
12,16,6.8611
12,16,6.8611
12,16,6.8611
12,16,6.8611
12,16,6.8611
12,17,20.5831
12,17,20.5831
12,17,20.5831
12,17,20.5831
12,17,20.5831
12,17,20.5831
12,17,20.5831
12,17,20.5831
12,18,3.4306
12,18,3.4306
12,18,3.4306
12,18,3.4306
12,18,3.4306
12,18,3.4306
12,18,3.4306
12,18,3.4306
12,19,3.4306
12,19,3.4306
12,19,3.4306
12,19,3.4306
12,19,3.4306
12,19,3.4306
12,19,3.4306
12,19,3.4306
12,20,6.8611
12,20,6.8611
12,20,6.8611
12,20,6.8611
12,20,6.8611
12,20,6.8611
12,20,6.8611
12,20,6.8611
12,21,10.2917
12,21,10.2917
12,21,10.2917
12,21,10.2917
12,21,10.2917
12,21,10.2917
12,21,10.2917
12,21,10.2917
12,22,10.2917
12,22,10.2917
12,22,10.2917
12,22,10.2917
12,22,10.2917
12,22,10.2917
12,22,10.2917
12,22,10.2917
12,23,6.8611
12,23,6.8611
12,23,6.8611
12,23,6.8611
12,23,6.8611
12,23,6.8611
12,23,6.8611
12,23,6.8611
12,24,3.4306
12,24,3.4306
12,24,3.4306
12,24,3.4306
12,24,3.4306
12,24,3.4306
12,24,3.4306
12,24,3.4306
12,25,3.4306
12,25,3.4306
12,25,3.4306
12,25,3.4306
12,25,3.4306
12,25,3.4306
12,25,3.4306
12,25,3.4306
12,26,3.4306
12,26,3.4306
12,26,3.4306
12,26,3.4306
12,26,3.4306
12,26,3.4306
12,26,3.4306
12,26,3.4306
12,27,3.4306
12,27,3.4306
12,27,3.4306
12,27,3.4306
12,27,3.4306
12,27,3.4306
12,27,3.4306
12,27,3.4306
12,28,6.8611
12,28,6.8611
12,28,6.8611
12,28,6.8611
12,28,6.8611
12,28,6.8611
12,28,6.8611
12,28,6.8611
12,29,3.4306
12,29,3.4306
12,29,3.4306
12,29,3.4306
12,29,3.4306
12,29,3.4306
12,29,3.4306
12,29,3.4306
12,30,10.2917
12,30,10.2917
12,30,10.2917
12,30,10.2917
12,30,10.2917
12,30,10.2917
12,30,10.2917
12,30,10.2917
13,2,5.0506
13,2,5.0506
13,2,5.0506
13,2,5.0506
13,2,5.0506
13,2,5.0506
13,2,5.0506
13,2,5.0506
13,3,5.0506
13,3,5.0506
13,3,5.0506
13,3,5.0506
13,3,5.0506
13,3,5.0506
13,3,5.0506
13,3,5.0506
13,4,3.367
13,4,3.367
13,4,3.367
13,4,3.367
13,4,3.367
13,4,3.367
13,4,3.367
13,4,3.367
13,5,3.367
13,5,3.367
13,5,3.367
13,5,3.367
13,5,3.367
13,5,3.367
13,5,3.367
13,5,3.367
13,6,5.0506
13,6,5.0506
13,6,5.0506
13,6,5.0506
13,6,5.0506
13,6,5.0506
13,6,5.0506
13,6,5.0506
13,7,1.6835
13,7,1.6835
13,7,1.6835
13,7,1.6835
13,7,1.6835
13,7,1.6835
13,7,1.6835
13,7,1.6835
13,8,1.6835
13,8,1.6835
13,8,1.6835
13,8,1.6835
13,8,1.6835
13,8,1.6835
13,8,1.6835
13,8,1.6835
13,9,3.367
13,9,3.367
13,9,3.367
13,9,3.367
13,9,3.367
13,9,3.367
13,9,3.367
13,9,3.367
13,10,1.6835
13,10,1.6835
13,10,1.6835
13,10,1.6835
13,10,1.6835
13,10,1.6835
13,10,1.6835
13,10,1.6835
13,11,1.6835
13,11,1.6835
13,11,1.6835
13,11,1.6835
13,11,1.6835
13,11,1.6835
13,11,1.6835
13,11,1.6835
13,12,3.367
13,12,3.367
13,12,3.367
13,12,3.367
13,12,3.367
13,12,3.367
13,12,3.367
13,12,3.367
13,14,1.6835
13,14,1.6835
13,14,1.6835
13,14,1.6835
13,14,1.6835
13,14,1.6835
13,14,1.6835
13,14,1.6835
13,15,3.367
13,15,3.367
13,15,3.367
13,15,3.367
13,15,3.367
13,15,3.367
13,15,3.367
13,15,3.367
13,16,3.367
13,16,3.367
13,16,3.367
13,16,3.367
13,16,3.367
13,16,3.367
13,16,3.367
13,16,3.367
13,17,10.1009
13,17,10.1009
13,17,10.1009
13,17,10.1009
13,17,10.1009
13,17,10.1009
13,17,10.1009
13,17,10.1009
13,18,1.6835
13,18,1.6835
13,18,1.6835
13,18,1.6835
13,18,1.6835
13,18,1.6835
13,18,1.6835
13,18,1.6835
13,19,1.6835
13,19,1.6835
13,19,1.6835
13,19,1.6835
13,19,1.6835
13,19,1.6835
13,19,1.6835
13,19,1.6835
13,20,3.367
13,20,3.367
13,20,3.367
13,20,3.367
13,20,3.367
13,20,3.367
13,20,3.367
13,20,3.367
13,21,5.0506
13,21,5.0506
13,21,5.0506
13,21,5.0506
13,21,5.0506
13,21,5.0506
13,21,5.0506
13,21,5.0506
13,22,5.0506
13,22,5.0506
13,22,5.0506
13,22,5.0506
13,22,5.0506
13,22,5.0506
13,22,5.0506
13,22,5.0506
13,23,3.367
13,23,3.367
13,23,3.367
13,23,3.367
13,23,3.367
13,23,3.367
13,23,3.367
13,23,3.367
13,24,1.6835
13,24,1.6835
13,24,1.6835
13,24,1.6835
13,24,1.6835
13,24,1.6835
13,24,1.6835
13,24,1.6835
13,25,1.6835
13,25,1.6835
13,25,1.6835
13,25,1.6835
13,25,1.6835
13,25,1.6835
13,25,1.6835
13,25,1.6835
13,26,1.6835
13,26,1.6835
13,26,1.6835
13,26,1.6835
13,26,1.6835
13,26,1.6835
13,26,1.6835
13,26,1.6835
13,27,1.6835
13,27,1.6835
13,27,1.6835
13,27,1.6835
13,27,1.6835
13,27,1.6835
13,27,1.6835
13,27,1.6835
13,28,3.367
13,28,3.367
13,28,3.367
13,28,3.367
13,28,3.367
13,28,3.367
13,28,3.367
13,28,3.367
13,29,1.6835
13,29,1.6835
13,29,1.6835
13,29,1.6835
13,29,1.6835
13,29,1.6835
13,29,1.6835
13,29,1.6835
13,30,5.0506
13,30,5.0506
13,30,5.0506
13,30,5.0506
13,30,5.0506
13,30,5.0506
13,30,5.0506
13,30,5.0506
14,2,5.0506
14,2,5.0506
14,2,5.0506
14,2,5.0506
14,2,5.0506
14,2,5.0506
14,2,5.0506
14,2,5.0506
14,3,5.0506
14,3,5.0506
14,3,5.0506
14,3,5.0506
14,3,5.0506
14,3,5.0506
14,3,5.0506
14,3,5.0506
14,4,3.367
14,4,3.367
14,4,3.367
14,4,3.367
14,4,3.367
14,4,3.367
14,4,3.367
14,4,3.367
14,5,3.367
14,5,3.367
14,5,3.367
14,5,3.367
14,5,3.367
14,5,3.367
14,5,3.367
14,5,3.367
14,6,5.0506
14,6,5.0506
14,6,5.0506
14,6,5.0506
14,6,5.0506
14,6,5.0506
14,6,5.0506
14,6,5.0506
14,7,1.6835
14,7,1.6835
14,7,1.6835
14,7,1.6835
14,7,1.6835
14,7,1.6835
14,7,1.6835
14,7,1.6835
14,8,1.6835
14,8,1.6835
14,8,1.6835
14,8,1.6835
14,8,1.6835
14,8,1.6835
14,8,1.6835
14,8,1.6835
14,9,3.367
14,9,3.367
14,9,3.367
14,9,3.367
14,9,3.367
14,9,3.367
14,9,3.367
14,9,3.367
14,10,1.6835
14,10,1.6835
14,10,1.6835
14,10,1.6835
14,10,1.6835
14,10,1.6835
14,10,1.6835
14,10,1.6835
14,11,1.6835
14,11,1.6835
14,11,1.6835
14,11,1.6835
14,11,1.6835
14,11,1.6835
14,11,1.6835
14,11,1.6835
14,12,3.367
14,12,3.367
14,12,3.367
14,12,3.367
14,12,3.367
14,12,3.367
14,12,3.367
14,12,3.367
14,13,1.6835
14,13,1.6835
14,13,1.6835
14,13,1.6835
14,13,1.6835
14,13,1.6835
14,13,1.6835
14,13,1.6835
14,15,3.367
14,15,3.367
14,15,3.367
14,15,3.367
14,15,3.367
14,15,3.367
14,15,3.367
14,15,3.367
14,16,3.367
14,16,3.367
14,16,3.367
14,16,3.367
14,16,3.367
14,16,3.367
14,16,3.367
14,16,3.367
14,17,10.1009
14,17,10.1009
14,17,10.1009
14,17,10.1009
14,17,10.1009
14,17,10.1009
14,17,10.1009
14,17,10.1009
14,18,1.6835
14,18,1.6835
14,18,1.6835
14,18,1.6835
14,18,1.6835
14,18,1.6835
14,18,1.6835
14,18,1.6835
14,19,1.6835
14,19,1.6835
14,19,1.6835
14,19,1.6835
14,19,1.6835
14,19,1.6835
14,19,1.6835
14,19,1.6835
14,20,3.367
14,20,3.367
14,20,3.367
14,20,3.367
14,20,3.367
14,20,3.367
14,20,3.367
14,20,3.367
14,21,5.0506
14,21,5.0506
14,21,5.0506
14,21,5.0506
14,21,5.0506
14,21,5.0506
14,21,5.0506
14,21,5.0506
14,22,5.0506
14,22,5.0506
14,22,5.0506
14,22,5.0506
14,22,5.0506
14,22,5.0506
14,22,5.0506
14,22,5.0506
14,23,3.367
14,23,3.367
14,23,3.367
14,23,3.367
14,23,3.367
14,23,3.367
14,23,3.367
14,23,3.367
14,24,1.6835
14,24,1.6835
14,24,1.6835
14,24,1.6835
14,24,1.6835
14,24,1.6835
14,24,1.6835
14,24,1.6835
14,25,1.6835
14,25,1.6835
14,25,1.6835
14,25,1.6835
14,25,1.6835
14,25,1.6835
14,25,1.6835
14,25,1.6835
14,26,1.6835
14,26,1.6835
14,26,1.6835
14,26,1.6835
14,26,1.6835
14,26,1.6835
14,26,1.6835
14,26,1.6835
14,27,1.6835
14,27,1.6835
14,27,1.6835
14,27,1.6835
14,27,1.6835
14,27,1.6835
14,27,1.6835
14,27,1.6835
14,28,3.367
14,28,3.367
14,28,3.367
14,28,3.367
14,28,3.367
14,28,3.367
14,28,3.367
14,28,3.367
14,29,1.6835
14,29,1.6835
14,29,1.6835
14,29,1.6835
14,29,1.6835
14,29,1.6835
14,29,1.6835
14,29,1.6835
14,30,5.0506
14,30,5.0506
14,30,5.0506
14,30,5.0506
14,30,5.0506
14,30,5.0506
14,30,5.0506
14,30,5.0506
15,2,10.2917
15,2,10.2917
15,2,10.2917
15,2,10.2917
15,2,10.2917
15,2,10.2917
15,2,10.2917
15,2,10.2917
15,3,10.2917
15,3,10.2917
15,3,10.2917
15,3,10.2917
15,3,10.2917
15,3,10.2917
15,3,10.2917
15,3,10.2917
15,4,6.8611
15,4,6.8611
15,4,6.8611
15,4,6.8611
15,4,6.8611
15,4,6.8611
15,4,6.8611
15,4,6.8611
15,5,6.8611
15,5,6.8611
15,5,6.8611
15,5,6.8611
15,5,6.8611
15,5,6.8611
15,5,6.8611
15,5,6.8611
15,6,10.2917
15,6,10.2917
15,6,10.2917
15,6,10.2917
15,6,10.2917
15,6,10.2917
15,6,10.2917
15,6,10.2917
15,7,3.4306
15,7,3.4306
15,7,3.4306
15,7,3.4306
15,7,3.4306
15,7,3.4306
15,7,3.4306
15,7,3.4306
15,8,3.4306
15,8,3.4306
15,8,3.4306
15,8,3.4306
15,8,3.4306
15,8,3.4306
15,8,3.4306
15,8,3.4306
15,9,6.8611
15,9,6.8611
15,9,6.8611
15,9,6.8611
15,9,6.8611
15,9,6.8611
15,9,6.8611
15,9,6.8611
15,10,3.4306
15,10,3.4306
15,10,3.4306
15,10,3.4306
15,10,3.4306
15,10,3.4306
15,10,3.4306
15,10,3.4306
15,11,3.4306
15,11,3.4306
15,11,3.4306
15,11,3.4306
15,11,3.4306
15,11,3.4306
15,11,3.4306
15,11,3.4306
15,12,6.8611
15,12,6.8611
15,12,6.8611
15,12,6.8611
15,12,6.8611
15,12,6.8611
15,12,6.8611
15,12,6.8611
15,13,3.4306
15,13,3.4306
15,13,3.4306
15,13,3.4306
15,13,3.4306
15,13,3.4306
15,13,3.4306
15,13,3.4306
15,14,3.4306
15,14,3.4306
15,14,3.4306
15,14,3.4306
15,14,3.4306
15,14,3.4306
15,14,3.4306
15,14,3.4306
15,16,6.8611
15,16,6.8611
15,16,6.8611
15,16,6.8611
15,16,6.8611
15,16,6.8611
15,16,6.8611
15,16,6.8611
15,17,20.5831
15,17,20.5831
15,17,20.5831
15,17,20.5831
15,17,20.5831
15,17,20.5831
15,17,20.5831
15,17,20.5831
15,18,3.4306
15,18,3.4306
15,18,3.4306
15,18,3.4306
15,18,3.4306
15,18,3.4306
15,18,3.4306
15,18,3.4306
15,19,3.4306
15,19,3.4306
15,19,3.4306
15,19,3.4306
15,19,3.4306
15,19,3.4306
15,19,3.4306
15,19,3.4306
15,20,6.8611
15,20,6.8611
15,20,6.8611
15,20,6.8611
15,20,6.8611
15,20,6.8611
15,20,6.8611
15,20,6.8611
15,21,10.2917
15,21,10.2917
15,21,10.2917
15,21,10.2917
15,21,10.2917
15,21,10.2917
15,21,10.2917
15,21,10.2917
15,22,10.2917
15,22,10.2917
15,22,10.2917
15,22,10.2917
15,22,10.2917
15,22,10.2917
15,22,10.2917
15,22,10.2917
15,23,6.8611
15,23,6.8611
15,23,6.8611
15,23,6.8611
15,23,6.8611
15,23,6.8611
15,23,6.8611
15,23,6.8611
15,24,3.4306
15,24,3.4306
15,24,3.4306
15,24,3.4306
15,24,3.4306
15,24,3.4306
15,24,3.4306
15,24,3.4306
15,25,3.4306
15,25,3.4306
15,25,3.4306
15,25,3.4306
15,25,3.4306
15,25,3.4306
15,25,3.4306
15,25,3.4306
15,26,3.4306
15,26,3.4306
15,26,3.4306
15,26,3.4306
15,26,3.4306
15,26,3.4306
15,26,3.4306
15,26,3.4306
15,27,3.4306
15,27,3.4306
15,27,3.4306
15,27,3.4306
15,27,3.4306
15,27,3.4306
15,27,3.4306
15,27,3.4306
15,28,6.8611
15,28,6.8611
15,28,6.8611
15,28,6.8611
15,28,6.8611
15,28,6.8611
15,28,6.8611
15,28,6.8611
15,29,3.4306
15,29,3.4306
15,29,3.4306
15,29,3.4306
15,29,3.4306
15,29,3.4306
15,29,3.4306
15,29,3.4306
15,30,10.2917
15,30,10.2917
15,30,10.2917
15,30,10.2917
15,30,10.2917
15,30,10.2917
15,30,10.2917
15,30,10.2917
16,2,10.2917
16,2,10.2917
16,2,10.2917
16,2,10.2917
16,2,10.2917
16,2,10.2917
16,2,10.2917
16,2,10.2917
16,3,10.2917
16,3,10.2917
16,3,10.2917
16,3,10.2917
16,3,10.2917
16,3,10.2917
16,3,10.2917
16,3,10.2917
16,4,6.8611
16,4,6.8611
16,4,6.8611
16,4,6.8611
16,4,6.8611
16,4,6.8611
16,4,6.8611
16,4,6.8611
16,5,6.8611
16,5,6.8611
16,5,6.8611
16,5,6.8611
16,5,6.8611
16,5,6.8611
16,5,6.8611
16,5,6.8611
16,6,10.2917
16,6,10.2917
16,6,10.2917
16,6,10.2917
16,6,10.2917
16,6,10.2917
16,6,10.2917
16,6,10.2917
16,7,3.4306
16,7,3.4306
16,7,3.4306
16,7,3.4306
16,7,3.4306
16,7,3.4306
16,7,3.4306
16,7,3.4306
16,8,3.4306
16,8,3.4306
16,8,3.4306
16,8,3.4306
16,8,3.4306
16,8,3.4306
16,8,3.4306
16,8,3.4306
16,9,6.8611
16,9,6.8611
16,9,6.8611
16,9,6.8611
16,9,6.8611
16,9,6.8611
16,9,6.8611
16,9,6.8611
16,10,3.4306
16,10,3.4306
16,10,3.4306
16,10,3.4306
16,10,3.4306
16,10,3.4306
16,10,3.4306
16,10,3.4306
16,11,3.4306
16,11,3.4306
16,11,3.4306
16,11,3.4306
16,11,3.4306
16,11,3.4306
16,11,3.4306
16,11,3.4306
16,12,6.8611
16,12,6.8611
16,12,6.8611
16,12,6.8611
16,12,6.8611
16,12,6.8611
16,12,6.8611
16,12,6.8611
16,13,3.4306
16,13,3.4306
16,13,3.4306
16,13,3.4306
16,13,3.4306
16,13,3.4306
16,13,3.4306
16,13,3.4306
16,14,3.4306
16,14,3.4306
16,14,3.4306
16,14,3.4306
16,14,3.4306
16,14,3.4306
16,14,3.4306
16,14,3.4306
16,15,6.8611
16,15,6.8611
16,15,6.8611
16,15,6.8611
16,15,6.8611
16,15,6.8611
16,15,6.8611
16,15,6.8611
16,17,20.5831
16,17,20.5831
16,17,20.5831
16,17,20.5831
16,17,20.5831
16,17,20.5831
16,17,20.5831
16,17,20.5831
16,18,3.4306
16,18,3.4306
16,18,3.4306
16,18,3.4306
16,18,3.4306
16,18,3.4306
16,18,3.4306
16,18,3.4306
16,19,3.4306
16,19,3.4306
16,19,3.4306
16,19,3.4306
16,19,3.4306
16,19,3.4306
16,19,3.4306
16,19,3.4306
16,20,6.8611
16,20,6.8611
16,20,6.8611
16,20,6.8611
16,20,6.8611
16,20,6.8611
16,20,6.8611
16,20,6.8611
16,21,10.2917
16,21,10.2917
16,21,10.2917
16,21,10.2917
16,21,10.2917
16,21,10.2917
16,21,10.2917
16,21,10.2917
16,22,10.2917
16,22,10.2917
16,22,10.2917
16,22,10.2917
16,22,10.2917
16,22,10.2917
16,22,10.2917
16,22,10.2917
16,23,6.8611
16,23,6.8611
16,23,6.8611
16,23,6.8611
16,23,6.8611
16,23,6.8611
16,23,6.8611
16,23,6.8611
16,24,3.4306
16,24,3.4306
16,24,3.4306
16,24,3.4306
16,24,3.4306
16,24,3.4306
16,24,3.4306
16,24,3.4306
16,25,3.4306
16,25,3.4306
16,25,3.4306
16,25,3.4306
16,25,3.4306
16,25,3.4306
16,25,3.4306
16,25,3.4306
16,26,3.4306
16,26,3.4306
16,26,3.4306
16,26,3.4306
16,26,3.4306
16,26,3.4306
16,26,3.4306
16,26,3.4306
16,27,3.4306
16,27,3.4306
16,27,3.4306
16,27,3.4306
16,27,3.4306
16,27,3.4306
16,27,3.4306
16,27,3.4306
16,28,6.8611
16,28,6.8611
16,28,6.8611
16,28,6.8611
16,28,6.8611
16,28,6.8611
16,28,6.8611
16,28,6.8611
16,29,3.4306
16,29,3.4306
16,29,3.4306
16,29,3.4306
16,29,3.4306
16,29,3.4306
16,29,3.4306
16,29,3.4306
16,30,10.2917
16,30,10.2917
16,30,10.2917
16,30,10.2917
16,30,10.2917
16,30,10.2917
16,30,10.2917
16,30,10.2917
17,2,33.3949
17,2,33.3949
17,2,33.3949
17,2,33.3949
17,2,33.3949
17,2,33.3949
17,2,33.3949
17,2,33.3949
17,3,33.3949
17,3,33.3949
17,3,33.3949
17,3,33.3949
17,3,33.3949
17,3,33.3949
17,3,33.3949
17,3,33.3949
17,4,22.2633
17,4,22.2633
17,4,22.2633
17,4,22.2633
17,4,22.2633
17,4,22.2633
17,4,22.2633
17,4,22.2633
17,5,22.2633
17,5,22.2633
17,5,22.2633
17,5,22.2633
17,5,22.2633
17,5,22.2633
17,5,22.2633
17,5,22.2633
17,6,33.3949
17,6,33.3949
17,6,33.3949
17,6,33.3949
17,6,33.3949
17,6,33.3949
17,6,33.3949
17,6,33.3949
17,7,11.1316
17,7,11.1316
17,7,11.1316
17,7,11.1316
17,7,11.1316
17,7,11.1316
17,7,11.1316
17,7,11.1316
17,8,11.1316
17,8,11.1316
17,8,11.1316
17,8,11.1316
17,8,11.1316
17,8,11.1316
17,8,11.1316
17,8,11.1316
17,9,22.2633
17,9,22.2633
17,9,22.2633
17,9,22.2633
17,9,22.2633
17,9,22.2633
17,9,22.2633
17,9,22.2633
17,10,11.1316
17,10,11.1316
17,10,11.1316
17,10,11.1316
17,10,11.1316
17,10,11.1316
17,10,11.1316
17,10,11.1316
17,11,11.1316
17,11,11.1316
17,11,11.1316
17,11,11.1316
17,11,11.1316
17,11,11.1316
17,11,11.1316
17,11,11.1316
17,12,22.2633
17,12,22.2633
17,12,22.2633
17,12,22.2633
17,12,22.2633
17,12,22.2633
17,12,22.2633
17,12,22.2633
17,13,11.1316
17,13,11.1316
17,13,11.1316
17,13,11.1316
17,13,11.1316
17,13,11.1316
17,13,11.1316
17,13,11.1316
17,14,11.1316
17,14,11.1316
17,14,11.1316
17,14,11.1316
17,14,11.1316
17,14,11.1316
17,14,11.1316
17,14,11.1316
17,15,22.2633
17,15,22.2633
17,15,22.2633
17,15,22.2633
17,15,22.2633
17,15,22.2633
17,15,22.2633
17,15,22.2633
17,16,22.2633
17,16,22.2633
17,16,22.2633
17,16,22.2633
17,16,22.2633
17,16,22.2633
17,16,22.2633
17,16,22.2633
17,18,11.1316
17,18,11.1316
17,18,11.1316
17,18,11.1316
17,18,11.1316
17,18,11.1316
17,18,11.1316
17,18,11.1316
17,19,11.1316
17,19,11.1316
17,19,11.1316
17,19,11.1316
17,19,11.1316
17,19,11.1316
17,19,11.1316
17,19,11.1316
17,20,22.2633
17,20,22.2633
17,20,22.2633
17,20,22.2633
17,20,22.2633
17,20,22.2633
17,20,22.2633
17,20,22.2633
17,21,33.3949
17,21,33.3949
17,21,33.3949
17,21,33.3949
17,21,33.3949
17,21,33.3949
17,21,33.3949
17,21,33.3949
17,22,33.3949
17,22,33.3949
17,22,33.3949
17,22,33.3949
17,22,33.3949
17,22,33.3949
17,22,33.3949
17,22,33.3949
17,23,22.2633
17,23,22.2633
17,23,22.2633
17,23,22.2633
17,23,22.2633
17,23,22.2633
17,23,22.2633
17,23,22.2633
17,24,11.1316
17,24,11.1316
17,24,11.1316
17,24,11.1316
17,24,11.1316
17,24,11.1316
17,24,11.1316
17,24,11.1316
17,25,11.1316
17,25,11.1316
17,25,11.1316
17,25,11.1316
17,25,11.1316
17,25,11.1316
17,25,11.1316
17,25,11.1316
17,26,11.1316
17,26,11.1316
17,26,11.1316
17,26,11.1316
17,26,11.1316
17,26,11.1316
17,26,11.1316
17,26,11.1316
17,27,11.1316
17,27,11.1316
17,27,11.1316
17,27,11.1316
17,27,11.1316
17,27,11.1316
17,27,11.1316
17,27,11.1316
17,28,22.2633
17,28,22.2633
17,28,22.2633
17,28,22.2633
17,28,22.2633
17,28,22.2633
17,28,22.2633
17,28,22.2633
17,29,11.1316
17,29,11.1316
17,29,11.1316
17,29,11.1316
17,29,11.1316
17,29,11.1316
17,29,11.1316
17,29,11.1316
17,30,33.3949
17,30,33.3949
17,30,33.3949
17,30,33.3949
17,30,33.3949
17,30,33.3949
17,30,33.3949
17,30,33.3949
18,2,5.0506
18,2,5.0506
18,2,5.0506
18,2,5.0506
18,2,5.0506
18,2,5.0506
18,2,5.0506
18,2,5.0506
18,3,5.0506
18,3,5.0506
18,3,5.0506
18,3,5.0506
18,3,5.0506
18,3,5.0506
18,3,5.0506
18,3,5.0506
18,4,3.367
18,4,3.367
18,4,3.367
18,4,3.367
18,4,3.367
18,4,3.367
18,4,3.367
18,4,3.367
18,5,3.367
18,5,3.367
18,5,3.367
18,5,3.367
18,5,3.367
18,5,3.367
18,5,3.367
18,5,3.367
18,6,5.0506
18,6,5.0506
18,6,5.0506
18,6,5.0506
18,6,5.0506
18,6,5.0506
18,6,5.0506
18,6,5.0506
18,7,1.6835
18,7,1.6835
18,7,1.6835
18,7,1.6835
18,7,1.6835
18,7,1.6835
18,7,1.6835
18,7,1.6835
18,8,1.6835
18,8,1.6835
18,8,1.6835
18,8,1.6835
18,8,1.6835
18,8,1.6835
18,8,1.6835
18,8,1.6835
18,9,3.367
18,9,3.367
18,9,3.367
18,9,3.367
18,9,3.367
18,9,3.367
18,9,3.367
18,9,3.367
18,10,1.6835
18,10,1.6835
18,10,1.6835
18,10,1.6835
18,10,1.6835
18,10,1.6835
18,10,1.6835
18,10,1.6835
18,11,1.6835
18,11,1.6835
18,11,1.6835
18,11,1.6835
18,11,1.6835
18,11,1.6835
18,11,1.6835
18,11,1.6835
18,12,3.367
18,12,3.367
18,12,3.367
18,12,3.367
18,12,3.367
18,12,3.367
18,12,3.367
18,12,3.367
18,13,1.6835
18,13,1.6835
18,13,1.6835
18,13,1.6835
18,13,1.6835
18,13,1.6835
18,13,1.6835
18,13,1.6835
18,14,1.6835
18,14,1.6835
18,14,1.6835
18,14,1.6835
18,14,1.6835
18,14,1.6835
18,14,1.6835
18,14,1.6835
18,15,3.367
18,15,3.367
18,15,3.367
18,15,3.367
18,15,3.367
18,15,3.367
18,15,3.367
18,15,3.367
18,16,3.367
18,16,3.367
18,16,3.367
18,16,3.367
18,16,3.367
18,16,3.367
18,16,3.367
18,16,3.367
18,17,10.1009
18,17,10.1009
18,17,10.1009
18,17,10.1009
18,17,10.1009
18,17,10.1009
18,17,10.1009
18,17,10.1009
18,19,1.6835
18,19,1.6835
18,19,1.6835
18,19,1.6835
18,19,1.6835
18,19,1.6835
18,19,1.6835
18,19,1.6835
18,20,3.367
18,20,3.367
18,20,3.367
18,20,3.367
18,20,3.367
18,20,3.367
18,20,3.367
18,20,3.367
18,21,5.0506
18,21,5.0506
18,21,5.0506
18,21,5.0506
18,21,5.0506
18,21,5.0506
18,21,5.0506
18,21,5.0506
18,22,5.0506
18,22,5.0506
18,22,5.0506
18,22,5.0506
18,22,5.0506
18,22,5.0506
18,22,5.0506
18,22,5.0506
18,23,3.367
18,23,3.367
18,23,3.367
18,23,3.367
18,23,3.367
18,23,3.367
18,23,3.367
18,23,3.367
18,24,1.6835
18,24,1.6835
18,24,1.6835
18,24,1.6835
18,24,1.6835
18,24,1.6835
18,24,1.6835
18,24,1.6835
18,25,1.6835
18,25,1.6835
18,25,1.6835
18,25,1.6835
18,25,1.6835
18,25,1.6835
18,25,1.6835
18,25,1.6835
18,26,1.6835
18,26,1.6835
18,26,1.6835
18,26,1.6835
18,26,1.6835
18,26,1.6835
18,26,1.6835
18,26,1.6835
18,27,1.6835
18,27,1.6835
18,27,1.6835
18,27,1.6835
18,27,1.6835
18,27,1.6835
18,27,1.6835
18,27,1.6835
18,28,3.367
18,28,3.367
18,28,3.367
18,28,3.367
18,28,3.367
18,28,3.367
18,28,3.367
18,28,3.367
18,29,1.6835
18,29,1.6835
18,29,1.6835
18,29,1.6835
18,29,1.6835
18,29,1.6835
18,29,1.6835
18,29,1.6835
18,30,5.0506
18,30,5.0506
18,30,5.0506
18,30,5.0506
18,30,5.0506
18,30,5.0506
18,30,5.0506
18,30,5.0506
19,2,5.0506
19,2,5.0506
19,2,5.0506
19,2,5.0506
19,2,5.0506
19,2,5.0506
19,2,5.0506
19,2,5.0506
19,3,5.0506
19,3,5.0506
19,3,5.0506
19,3,5.0506
19,3,5.0506
19,3,5.0506
19,3,5.0506
19,3,5.0506
19,4,3.367
19,4,3.367
19,4,3.367
19,4,3.367
19,4,3.367
19,4,3.367
19,4,3.367
19,4,3.367
19,5,3.367
19,5,3.367
19,5,3.367
19,5,3.367
19,5,3.367
19,5,3.367
19,5,3.367
19,5,3.367
19,6,5.0506
19,6,5.0506
19,6,5.0506
19,6,5.0506
19,6,5.0506
19,6,5.0506
19,6,5.0506
19,6,5.0506
19,7,1.6835
19,7,1.6835
19,7,1.6835
19,7,1.6835
19,7,1.6835
19,7,1.6835
19,7,1.6835
19,7,1.6835
19,8,1.6835
19,8,1.6835
19,8,1.6835
19,8,1.6835
19,8,1.6835
19,8,1.6835
19,8,1.6835
19,8,1.6835
19,9,3.367
19,9,3.367
19,9,3.367
19,9,3.367
19,9,3.367
19,9,3.367
19,9,3.367
19,9,3.367
19,10,1.6835
19,10,1.6835
19,10,1.6835
19,10,1.6835
19,10,1.6835
19,10,1.6835
19,10,1.6835
19,10,1.6835
19,11,1.6835
19,11,1.6835
19,11,1.6835
19,11,1.6835
19,11,1.6835
19,11,1.6835
19,11,1.6835
19,11,1.6835
19,12,3.367
19,12,3.367
19,12,3.367
19,12,3.367
19,12,3.367
19,12,3.367
19,12,3.367
19,12,3.367
19,13,1.6835
19,13,1.6835
19,13,1.6835
19,13,1.6835
19,13,1.6835
19,13,1.6835
19,13,1.6835
19,13,1.6835
19,14,1.6835
19,14,1.6835
19,14,1.6835
19,14,1.6835
19,14,1.6835
19,14,1.6835
19,14,1.6835
19,14,1.6835
19,15,3.367
19,15,3.367
19,15,3.367
19,15,3.367
19,15,3.367
19,15,3.367
19,15,3.367
19,15,3.367
19,16,3.367
19,16,3.367
19,16,3.367
19,16,3.367
19,16,3.367
19,16,3.367
19,16,3.367
19,16,3.367
19,17,10.1009
19,17,10.1009
19,17,10.1009
19,17,10.1009
19,17,10.1009
19,17,10.1009
19,17,10.1009
19,17,10.1009
19,18,1.6835
19,18,1.6835
19,18,1.6835
19,18,1.6835
19,18,1.6835
19,18,1.6835
19,18,1.6835
19,18,1.6835
19,20,3.367
19,20,3.367
19,20,3.367
19,20,3.367
19,20,3.367
19,20,3.367
19,20,3.367
19,20,3.367
19,21,5.0506
19,21,5.0506
19,21,5.0506
19,21,5.0506
19,21,5.0506
19,21,5.0506
19,21,5.0506
19,21,5.0506
19,22,5.0506
19,22,5.0506
19,22,5.0506
19,22,5.0506
19,22,5.0506
19,22,5.0506
19,22,5.0506
19,22,5.0506
19,23,3.367
19,23,3.367
19,23,3.367
19,23,3.367
19,23,3.367
19,23,3.367
19,23,3.367
19,23,3.367
19,24,1.6835
19,24,1.6835
19,24,1.6835
19,24,1.6835
19,24,1.6835
19,24,1.6835
19,24,1.6835
19,24,1.6835
19,25,1.6835
19,25,1.6835
19,25,1.6835
19,25,1.6835
19,25,1.6835
19,25,1.6835
19,25,1.6835
19,25,1.6835
19,26,1.6835
19,26,1.6835
19,26,1.6835
19,26,1.6835
19,26,1.6835
19,26,1.6835
19,26,1.6835
19,26,1.6835
19,27,1.6835
19,27,1.6835
19,27,1.6835
19,27,1.6835
19,27,1.6835
19,27,1.6835
19,27,1.6835
19,27,1.6835
19,28,3.367
19,28,3.367
19,28,3.367
19,28,3.367
19,28,3.367
19,28,3.367
19,28,3.367
19,28,3.367
19,29,1.6835
19,29,1.6835
19,29,1.6835
19,29,1.6835
19,29,1.6835
19,29,1.6835
19,29,1.6835
19,29,1.6835
19,30,5.0506
19,30,5.0506
19,30,5.0506
19,30,5.0506
19,30,5.0506
19,30,5.0506
19,30,5.0506
19,30,5.0506
20,2,10.2917
20,2,10.2917
20,2,10.2917
20,2,10.2917
20,2,10.2917
20,2,10.2917
20,2,10.2917
20,2,10.2917
20,3,10.2917
20,3,10.2917
20,3,10.2917
20,3,10.2917
20,3,10.2917
20,3,10.2917
20,3,10.2917
20,3,10.2917
20,4,6.8611
20,4,6.8611
20,4,6.8611
20,4,6.8611
20,4,6.8611
20,4,6.8611
20,4,6.8611
20,4,6.8611
20,5,6.8611
20,5,6.8611
20,5,6.8611
20,5,6.8611
20,5,6.8611
20,5,6.8611
20,5,6.8611
20,5,6.8611
20,6,10.2917
20,6,10.2917
20,6,10.2917
20,6,10.2917
20,6,10.2917
20,6,10.2917
20,6,10.2917
20,6,10.2917
20,7,3.4306
20,7,3.4306
20,7,3.4306
20,7,3.4306
20,7,3.4306
20,7,3.4306
20,7,3.4306
20,7,3.4306
20,8,3.4306
20,8,3.4306
20,8,3.4306
20,8,3.4306
20,8,3.4306
20,8,3.4306
20,8,3.4306
20,8,3.4306
20,9,6.8611
20,9,6.8611
20,9,6.8611
20,9,6.8611
20,9,6.8611
20,9,6.8611
20,9,6.8611
20,9,6.8611
20,10,3.4306
20,10,3.4306
20,10,3.4306
20,10,3.4306
20,10,3.4306
20,10,3.4306
20,10,3.4306
20,10,3.4306
20,11,3.4306
20,11,3.4306
20,11,3.4306
20,11,3.4306
20,11,3.4306
20,11,3.4306
20,11,3.4306
20,11,3.4306
20,12,6.8611
20,12,6.8611
20,12,6.8611
20,12,6.8611
20,12,6.8611
20,12,6.8611
20,12,6.8611
20,12,6.8611
20,13,3.4306
20,13,3.4306
20,13,3.4306
20,13,3.4306
20,13,3.4306
20,13,3.4306
20,13,3.4306
20,13,3.4306
20,14,3.4306
20,14,3.4306
20,14,3.4306
20,14,3.4306
20,14,3.4306
20,14,3.4306
20,14,3.4306
20,14,3.4306
20,15,6.8611
20,15,6.8611
20,15,6.8611
20,15,6.8611
20,15,6.8611
20,15,6.8611
20,15,6.8611
20,15,6.8611
20,16,6.8611
20,16,6.8611
20,16,6.8611
20,16,6.8611
20,16,6.8611
20,16,6.8611
20,16,6.8611
20,16,6.8611
20,17,20.5831
20,17,20.5831
20,17,20.5831
20,17,20.5831
20,17,20.5831
20,17,20.5831
20,17,20.5831
20,17,20.5831
20,18,3.4306
20,18,3.4306
20,18,3.4306
20,18,3.4306
20,18,3.4306
20,18,3.4306
20,18,3.4306
20,18,3.4306
20,19,3.4306
20,19,3.4306
20,19,3.4306
20,19,3.4306
20,19,3.4306
20,19,3.4306
20,19,3.4306
20,19,3.4306
20,21,10.2917
20,21,10.2917
20,21,10.2917
20,21,10.2917
20,21,10.2917
20,21,10.2917
20,21,10.2917
20,21,10.2917
20,22,10.2917
20,22,10.2917
20,22,10.2917
20,22,10.2917
20,22,10.2917
20,22,10.2917
20,22,10.2917
20,22,10.2917
20,23,6.8611
20,23,6.8611
20,23,6.8611
20,23,6.8611
20,23,6.8611
20,23,6.8611
20,23,6.8611
20,23,6.8611
20,24,3.4306
20,24,3.4306
20,24,3.4306
20,24,3.4306
20,24,3.4306
20,24,3.4306
20,24,3.4306
20,24,3.4306
20,25,3.4306
20,25,3.4306
20,25,3.4306
20,25,3.4306
20,25,3.4306
20,25,3.4306
20,25,3.4306
20,25,3.4306
20,26,3.4306
20,26,3.4306
20,26,3.4306
20,26,3.4306
20,26,3.4306
20,26,3.4306
20,26,3.4306
20,26,3.4306
20,27,3.4306
20,27,3.4306
20,27,3.4306
20,27,3.4306
20,27,3.4306
20,27,3.4306
20,27,3.4306
20,27,3.4306
20,28,6.8611
20,28,6.8611
20,28,6.8611
20,28,6.8611
20,28,6.8611
20,28,6.8611
20,28,6.8611
20,28,6.8611
20,29,3.4306
20,29,3.4306
20,29,3.4306
20,29,3.4306
20,29,3.4306
20,29,3.4306
20,29,3.4306
20,29,3.4306
20,30,10.2917
20,30,10.2917
20,30,10.2917
20,30,10.2917
20,30,10.2917
20,30,10.2917
20,30,10.2917
20,30,10.2917
21,2,15.7345
21,2,15.7345
21,2,15.7345
21,2,15.7345
21,2,15.7345
21,2,15.7345
21,2,15.7345
21,2,15.7345
21,3,15.7345
21,3,15.7345
21,3,15.7345
21,3,15.7345
21,3,15.7345
21,3,15.7345
21,3,15.7345
21,3,15.7345
21,4,10.4896
21,4,10.4896
21,4,10.4896
21,4,10.4896
21,4,10.4896
21,4,10.4896
21,4,10.4896
21,4,10.4896
21,5,10.4896
21,5,10.4896
21,5,10.4896
21,5,10.4896
21,5,10.4896
21,5,10.4896
21,5,10.4896
21,5,10.4896
21,6,15.7345
21,6,15.7345
21,6,15.7345
21,6,15.7345
21,6,15.7345
21,6,15.7345
21,6,15.7345
21,6,15.7345
21,7,5.2448
21,7,5.2448
21,7,5.2448
21,7,5.2448
21,7,5.2448
21,7,5.2448
21,7,5.2448
21,7,5.2448
21,8,5.2448
21,8,5.2448
21,8,5.2448
21,8,5.2448
21,8,5.2448
21,8,5.2448
21,8,5.2448
21,8,5.2448
21,9,10.4896
21,9,10.4896
21,9,10.4896
21,9,10.4896
21,9,10.4896
21,9,10.4896
21,9,10.4896
21,9,10.4896
21,10,5.2448
21,10,5.2448
21,10,5.2448
21,10,5.2448
21,10,5.2448
21,10,5.2448
21,10,5.2448
21,10,5.2448
21,11,5.2448
21,11,5.2448
21,11,5.2448
21,11,5.2448
21,11,5.2448
21,11,5.2448
21,11,5.2448
21,11,5.2448
21,12,10.4896
21,12,10.4896
21,12,10.4896
21,12,10.4896
21,12,10.4896
21,12,10.4896
21,12,10.4896
21,12,10.4896
21,13,5.2448
21,13,5.2448
21,13,5.2448
21,13,5.2448
21,13,5.2448
21,13,5.2448
21,13,5.2448
21,13,5.2448
21,14,5.2448
21,14,5.2448
21,14,5.2448
21,14,5.2448
21,14,5.2448
21,14,5.2448
21,14,5.2448
21,14,5.2448
21,15,10.4896
21,15,10.4896
21,15,10.4896
21,15,10.4896
21,15,10.4896
21,15,10.4896
21,15,10.4896
21,15,10.4896
21,16,10.4896
21,16,10.4896
21,16,10.4896
21,16,10.4896
21,16,10.4896
21,16,10.4896
21,16,10.4896
21,16,10.4896
21,17,31.4683
21,17,31.4683
21,17,31.4683
21,17,31.4683
21,17,31.4683
21,17,31.4683
21,17,31.4683
21,17,31.4683
21,18,5.2448
21,18,5.2448
21,18,5.2448
21,18,5.2448
21,18,5.2448
21,18,5.2448
21,18,5.2448
21,18,5.2448
21,19,5.2448
21,19,5.2448
21,19,5.2448
21,19,5.2448
21,19,5.2448
21,19,5.2448
21,19,5.2448
21,19,5.2448
21,20,10.4896
21,20,10.4896
21,20,10.4896
21,20,10.4896
21,20,10.4896
21,20,10.4896
21,20,10.4896
21,20,10.4896
21,22,15.7345
21,22,15.7345
21,22,15.7345
21,22,15.7345
21,22,15.7345
21,22,15.7345
21,22,15.7345
21,22,15.7345
21,23,10.4896
21,23,10.4896
21,23,10.4896
21,23,10.4896
21,23,10.4896
21,23,10.4896
21,23,10.4896
21,23,10.4896
21,24,5.2448
21,24,5.2448
21,24,5.2448
21,24,5.2448
21,24,5.2448
21,24,5.2448
21,24,5.2448
21,24,5.2448
21,25,5.2448
21,25,5.2448
21,25,5.2448
21,25,5.2448
21,25,5.2448
21,25,5.2448
21,25,5.2448
21,25,5.2448
21,26,5.2448
21,26,5.2448
21,26,5.2448
21,26,5.2448
21,26,5.2448
21,26,5.2448
21,26,5.2448
21,26,5.2448
21,27,5.2448
21,27,5.2448
21,27,5.2448
21,27,5.2448
21,27,5.2448
21,27,5.2448
21,27,5.2448
21,27,5.2448
21,28,10.4896
21,28,10.4896
21,28,10.4896
21,28,10.4896
21,28,10.4896
21,28,10.4896
21,28,10.4896
21,28,10.4896
21,29,5.2448
21,29,5.2448
21,29,5.2448
21,29,5.2448
21,29,5.2448
21,29,5.2448
21,29,5.2448
21,29,5.2448
21,30,15.7345
21,30,15.7345
21,30,15.7345
21,30,15.7345
21,30,15.7345
21,30,15.7345
21,30,15.7345
21,30,15.7345
22,2,15.7345
22,2,15.7345
22,2,15.7345
22,2,15.7345
22,2,15.7345
22,2,15.7345
22,2,15.7345
22,2,15.7345
22,3,15.7345
22,3,15.7345
22,3,15.7345
22,3,15.7345
22,3,15.7345
22,3,15.7345
22,3,15.7345
22,3,15.7345
22,4,10.4896
22,4,10.4896
22,4,10.4896
22,4,10.4896
22,4,10.4896
22,4,10.4896
22,4,10.4896
22,4,10.4896
22,5,10.4896
22,5,10.4896
22,5,10.4896
22,5,10.4896
22,5,10.4896
22,5,10.4896
22,5,10.4896
22,5,10.4896
22,6,15.7345
22,6,15.7345
22,6,15.7345
22,6,15.7345
22,6,15.7345
22,6,15.7345
22,6,15.7345
22,6,15.7345
22,7,5.2448
22,7,5.2448
22,7,5.2448
22,7,5.2448
22,7,5.2448
22,7,5.2448
22,7,5.2448
22,7,5.2448
22,8,5.2448
22,8,5.2448
22,8,5.2448
22,8,5.2448
22,8,5.2448
22,8,5.2448
22,8,5.2448
22,8,5.2448
22,9,10.4896
22,9,10.4896
22,9,10.4896
22,9,10.4896
22,9,10.4896
22,9,10.4896
22,9,10.4896
22,9,10.4896
22,10,5.2448
22,10,5.2448
22,10,5.2448
22,10,5.2448
22,10,5.2448
22,10,5.2448
22,10,5.2448
22,10,5.2448
22,11,5.2448
22,11,5.2448
22,11,5.2448
22,11,5.2448
22,11,5.2448
22,11,5.2448
22,11,5.2448
22,11,5.2448
22,12,10.4896
22,12,10.4896
22,12,10.4896
22,12,10.4896
22,12,10.4896
22,12,10.4896
22,12,10.4896
22,12,10.4896
22,13,5.2448
22,13,5.2448
22,13,5.2448
22,13,5.2448
22,13,5.2448
22,13,5.2448
22,13,5.2448
22,13,5.2448
22,14,5.2448
22,14,5.2448
22,14,5.2448
22,14,5.2448
22,14,5.2448
22,14,5.2448
22,14,5.2448
22,14,5.2448
22,15,10.4896
22,15,10.4896
22,15,10.4896
22,15,10.4896
22,15,10.4896
22,15,10.4896
22,15,10.4896
22,15,10.4896
22,16,10.4896
22,16,10.4896
22,16,10.4896
22,16,10.4896
22,16,10.4896
22,16,10.4896
22,16,10.4896
22,16,10.4896
22,17,31.4683
22,17,31.4683
22,17,31.4683
22,17,31.4683
22,17,31.4683
22,17,31.4683
22,17,31.4683
22,17,31.4683
22,18,5.2448
22,18,5.2448
22,18,5.2448
22,18,5.2448
22,18,5.2448
22,18,5.2448
22,18,5.2448
22,18,5.2448
22,19,5.2448
22,19,5.2448
22,19,5.2448
22,19,5.2448
22,19,5.2448
22,19,5.2448
22,19,5.2448
22,19,5.2448
22,20,10.4896
22,20,10.4896
22,20,10.4896
22,20,10.4896
22,20,10.4896
22,20,10.4896
22,20,10.4896
22,20,10.4896
22,21,15.7345
22,21,15.7345
22,21,15.7345
22,21,15.7345
22,21,15.7345
22,21,15.7345
22,21,15.7345
22,21,15.7345
22,23,10.4896
22,23,10.4896
22,23,10.4896
22,23,10.4896
22,23,10.4896
22,23,10.4896
22,23,10.4896
22,23,10.4896
22,24,5.2448
22,24,5.2448
22,24,5.2448
22,24,5.2448
22,24,5.2448
22,24,5.2448
22,24,5.2448
22,24,5.2448
22,25,5.2448
22,25,5.2448
22,25,5.2448
22,25,5.2448
22,25,5.2448
22,25,5.2448
22,25,5.2448
22,25,5.2448
22,26,5.2448
22,26,5.2448
22,26,5.2448
22,26,5.2448
22,26,5.2448
22,26,5.2448
22,26,5.2448
22,26,5.2448
22,27,5.2448
22,27,5.2448
22,27,5.2448
22,27,5.2448
22,27,5.2448
22,27,5.2448
22,27,5.2448
22,27,5.2448
22,28,10.4896
22,28,10.4896
22,28,10.4896
22,28,10.4896
22,28,10.4896
22,28,10.4896
22,28,10.4896
22,28,10.4896
22,29,5.2448
22,29,5.2448
22,29,5.2448
22,29,5.2448
22,29,5.2448
22,29,5.2448
22,29,5.2448
22,29,5.2448
22,30,15.7345
22,30,15.7345
22,30,15.7345
22,30,15.7345
22,30,15.7345
22,30,15.7345
22,30,15.7345
22,30,15.7345
23,2,10.2917
23,2,10.2917
23,2,10.2917
23,2,10.2917
23,2,10.2917
23,2,10.2917
23,2,10.2917
23,2,10.2917
23,3,10.2917
23,3,10.2917
23,3,10.2917
23,3,10.2917
23,3,10.2917
23,3,10.2917
23,3,10.2917
23,3,10.2917
23,4,6.8611
23,4,6.8611
23,4,6.8611
23,4,6.8611
23,4,6.8611
23,4,6.8611
23,4,6.8611
23,4,6.8611
23,5,6.8611
23,5,6.8611
23,5,6.8611
23,5,6.8611
23,5,6.8611
23,5,6.8611
23,5,6.8611
23,5,6.8611
23,6,10.2917
23,6,10.2917
23,6,10.2917
23,6,10.2917
23,6,10.2917
23,6,10.2917
23,6,10.2917
23,6,10.2917
23,7,3.4306
23,7,3.4306
23,7,3.4306
23,7,3.4306
23,7,3.4306
23,7,3.4306
23,7,3.4306
23,7,3.4306
23,8,3.4306
23,8,3.4306
23,8,3.4306
23,8,3.4306
23,8,3.4306
23,8,3.4306
23,8,3.4306
23,8,3.4306
23,9,6.8611
23,9,6.8611
23,9,6.8611
23,9,6.8611
23,9,6.8611
23,9,6.8611
23,9,6.8611
23,9,6.8611
23,10,3.4306
23,10,3.4306
23,10,3.4306
23,10,3.4306
23,10,3.4306
23,10,3.4306
23,10,3.4306
23,10,3.4306
23,11,3.4306
23,11,3.4306
23,11,3.4306
23,11,3.4306
23,11,3.4306
23,11,3.4306
23,11,3.4306
23,11,3.4306
23,12,6.8611
23,12,6.8611
23,12,6.8611
23,12,6.8611
23,12,6.8611
23,12,6.8611
23,12,6.8611
23,12,6.8611
23,13,3.4306
23,13,3.4306
23,13,3.4306
23,13,3.4306
23,13,3.4306
23,13,3.4306
23,13,3.4306
23,13,3.4306
23,14,3.4306
23,14,3.4306
23,14,3.4306
23,14,3.4306
23,14,3.4306
23,14,3.4306
23,14,3.4306
23,14,3.4306
23,15,6.8611
23,15,6.8611
23,15,6.8611
23,15,6.8611
23,15,6.8611
23,15,6.8611
23,15,6.8611
23,15,6.8611
23,16,6.8611
23,16,6.8611
23,16,6.8611
23,16,6.8611
23,16,6.8611
23,16,6.8611
23,16,6.8611
23,16,6.8611
23,17,20.5831
23,17,20.5831
23,17,20.5831
23,17,20.5831
23,17,20.5831
23,17,20.5831
23,17,20.5831
23,17,20.5831
23,18,3.4306
23,18,3.4306
23,18,3.4306
23,18,3.4306
23,18,3.4306
23,18,3.4306
23,18,3.4306
23,18,3.4306
23,19,3.4306
23,19,3.4306
23,19,3.4306
23,19,3.4306
23,19,3.4306
23,19,3.4306
23,19,3.4306
23,19,3.4306
23,20,6.8611
23,20,6.8611
23,20,6.8611
23,20,6.8611
23,20,6.8611
23,20,6.8611
23,20,6.8611
23,20,6.8611
23,21,10.2917
23,21,10.2917
23,21,10.2917
23,21,10.2917
23,21,10.2917
23,21,10.2917
23,21,10.2917
23,21,10.2917
23,22,10.2917
23,22,10.2917
23,22,10.2917
23,22,10.2917
23,22,10.2917
23,22,10.2917
23,22,10.2917
23,22,10.2917
23,24,3.4306
23,24,3.4306
23,24,3.4306
23,24,3.4306
23,24,3.4306
23,24,3.4306
23,24,3.4306
23,24,3.4306
23,25,3.4306
23,25,3.4306
23,25,3.4306
23,25,3.4306
23,25,3.4306
23,25,3.4306
23,25,3.4306
23,25,3.4306
23,26,3.4306
23,26,3.4306
23,26,3.4306
23,26,3.4306
23,26,3.4306
23,26,3.4306
23,26,3.4306
23,26,3.4306
23,27,3.4306
23,27,3.4306
23,27,3.4306
23,27,3.4306
23,27,3.4306
23,27,3.4306
23,27,3.4306
23,27,3.4306
23,28,6.8611
23,28,6.8611
23,28,6.8611
23,28,6.8611
23,28,6.8611
23,28,6.8611
23,28,6.8611
23,28,6.8611
23,29,3.4306
23,29,3.4306
23,29,3.4306
23,29,3.4306
23,29,3.4306
23,29,3.4306
23,29,3.4306
23,29,3.4306
23,30,10.2917
23,30,10.2917
23,30,10.2917
23,30,10.2917
23,30,10.2917
23,30,10.2917
23,30,10.2917
23,30,10.2917
24,2,5.0506
24,2,5.0506
24,2,5.0506
24,2,5.0506
24,2,5.0506
24,2,5.0506
24,2,5.0506
24,2,5.0506
24,3,5.0506
24,3,5.0506
24,3,5.0506
24,3,5.0506
24,3,5.0506
24,3,5.0506
24,3,5.0506
24,3,5.0506
24,4,3.367
24,4,3.367
24,4,3.367
24,4,3.367
24,4,3.367
24,4,3.367
24,4,3.367
24,4,3.367
24,5,3.367
24,5,3.367
24,5,3.367
24,5,3.367
24,5,3.367
24,5,3.367
24,5,3.367
24,5,3.367
24,6,5.0506
24,6,5.0506
24,6,5.0506
24,6,5.0506
24,6,5.0506
24,6,5.0506
24,6,5.0506
24,6,5.0506
24,7,1.6835
24,7,1.6835
24,7,1.6835
24,7,1.6835
24,7,1.6835
24,7,1.6835
24,7,1.6835
24,7,1.6835
24,8,1.6835
24,8,1.6835
24,8,1.6835
24,8,1.6835
24,8,1.6835
24,8,1.6835
24,8,1.6835
24,8,1.6835
24,9,3.367
24,9,3.367
24,9,3.367
24,9,3.367
24,9,3.367
24,9,3.367
24,9,3.367
24,9,3.367
24,10,1.6835
24,10,1.6835
24,10,1.6835
24,10,1.6835
24,10,1.6835
24,10,1.6835
24,10,1.6835
24,10,1.6835
24,11,1.6835
24,11,1.6835
24,11,1.6835
24,11,1.6835
24,11,1.6835
24,11,1.6835
24,11,1.6835
24,11,1.6835
24,12,3.367
24,12,3.367
24,12,3.367
24,12,3.367
24,12,3.367
24,12,3.367
24,12,3.367
24,12,3.367
24,13,1.6835
24,13,1.6835
24,13,1.6835
24,13,1.6835
24,13,1.6835
24,13,1.6835
24,13,1.6835
24,13,1.6835
24,14,1.6835
24,14,1.6835
24,14,1.6835
24,14,1.6835
24,14,1.6835
24,14,1.6835
24,14,1.6835
24,14,1.6835
24,15,3.367
24,15,3.367
24,15,3.367
24,15,3.367
24,15,3.367
24,15,3.367
24,15,3.367
24,15,3.367
24,16,3.367
24,16,3.367
24,16,3.367
24,16,3.367
24,16,3.367
24,16,3.367
24,16,3.367
24,16,3.367
24,17,10.1009
24,17,10.1009
24,17,10.1009
24,17,10.1009
24,17,10.1009
24,17,10.1009
24,17,10.1009
24,17,10.1009
24,18,1.6835
24,18,1.6835
24,18,1.6835
24,18,1.6835
24,18,1.6835
24,18,1.6835
24,18,1.6835
24,18,1.6835
24,19,1.6835
24,19,1.6835
24,19,1.6835
24,19,1.6835
24,19,1.6835
24,19,1.6835
24,19,1.6835
24,19,1.6835
24,20,3.367
24,20,3.367
24,20,3.367
24,20,3.367
24,20,3.367
24,20,3.367
24,20,3.367
24,20,3.367
24,21,5.0506
24,21,5.0506
24,21,5.0506
24,21,5.0506
24,21,5.0506
24,21,5.0506
24,21,5.0506
24,21,5.0506
24,22,5.0506
24,22,5.0506
24,22,5.0506
24,22,5.0506
24,22,5.0506
24,22,5.0506
24,22,5.0506
24,22,5.0506
24,23,3.367
24,23,3.367
24,23,3.367
24,23,3.367
24,23,3.367
24,23,3.367
24,23,3.367
24,23,3.367
24,25,1.6835
24,25,1.6835
24,25,1.6835
24,25,1.6835
24,25,1.6835
24,25,1.6835
24,25,1.6835
24,25,1.6835
24,26,1.6835
24,26,1.6835
24,26,1.6835
24,26,1.6835
24,26,1.6835
24,26,1.6835
24,26,1.6835
24,26,1.6835
24,27,1.6835
24,27,1.6835
24,27,1.6835
24,27,1.6835
24,27,1.6835
24,27,1.6835
24,27,1.6835
24,27,1.6835
24,28,3.367
24,28,3.367
24,28,3.367
24,28,3.367
24,28,3.367
24,28,3.367
24,28,3.367
24,28,3.367
24,29,1.6835
24,29,1.6835
24,29,1.6835
24,29,1.6835
24,29,1.6835
24,29,1.6835
24,29,1.6835
24,29,1.6835
24,30,5.0506
24,30,5.0506
24,30,5.0506
24,30,5.0506
24,30,5.0506
24,30,5.0506
24,30,5.0506
24,30,5.0506
25,2,5.0506
25,2,5.0506
25,2,5.0506
25,2,5.0506
25,2,5.0506
25,2,5.0506
25,2,5.0506
25,2,5.0506
25,3,5.0506
25,3,5.0506
25,3,5.0506
25,3,5.0506
25,3,5.0506
25,3,5.0506
25,3,5.0506
25,3,5.0506
25,4,3.367
25,4,3.367
25,4,3.367
25,4,3.367
25,4,3.367
25,4,3.367
25,4,3.367
25,4,3.367
25,5,3.367
25,5,3.367
25,5,3.367
25,5,3.367
25,5,3.367
25,5,3.367
25,5,3.367
25,5,3.367
25,6,5.0506
25,6,5.0506
25,6,5.0506
25,6,5.0506
25,6,5.0506
25,6,5.0506
25,6,5.0506
25,6,5.0506
25,7,1.6835
25,7,1.6835
25,7,1.6835
25,7,1.6835
25,7,1.6835
25,7,1.6835
25,7,1.6835
25,7,1.6835
25,8,1.6835
25,8,1.6835
25,8,1.6835
25,8,1.6835
25,8,1.6835
25,8,1.6835
25,8,1.6835
25,8,1.6835
25,9,3.367
25,9,3.367
25,9,3.367
25,9,3.367
25,9,3.367
25,9,3.367
25,9,3.367
25,9,3.367
25,10,1.6835
25,10,1.6835
25,10,1.6835
25,10,1.6835
25,10,1.6835
25,10,1.6835
25,10,1.6835
25,10,1.6835
25,11,1.6835
25,11,1.6835
25,11,1.6835
25,11,1.6835
25,11,1.6835
25,11,1.6835
25,11,1.6835
25,11,1.6835
25,12,3.367
25,12,3.367
25,12,3.367
25,12,3.367
25,12,3.367
25,12,3.367
25,12,3.367
25,12,3.367
25,13,1.6835
25,13,1.6835
25,13,1.6835
25,13,1.6835
25,13,1.6835
25,13,1.6835
25,13,1.6835
25,13,1.6835
25,14,1.6835
25,14,1.6835
25,14,1.6835
25,14,1.6835
25,14,1.6835
25,14,1.6835
25,14,1.6835
25,14,1.6835
25,15,3.367
25,15,3.367
25,15,3.367
25,15,3.367
25,15,3.367
25,15,3.367
25,15,3.367
25,15,3.367
25,16,3.367
25,16,3.367
25,16,3.367
25,16,3.367
25,16,3.367
25,16,3.367
25,16,3.367
25,16,3.367
25,17,10.1009
25,17,10.1009
25,17,10.1009
25,17,10.1009
25,17,10.1009
25,17,10.1009
25,17,10.1009
25,17,10.1009
25,18,1.6835
25,18,1.6835
25,18,1.6835
25,18,1.6835
25,18,1.6835
25,18,1.6835
25,18,1.6835
25,18,1.6835
25,19,1.6835
25,19,1.6835
25,19,1.6835
25,19,1.6835
25,19,1.6835
25,19,1.6835
25,19,1.6835
25,19,1.6835
25,20,3.367
25,20,3.367
25,20,3.367
25,20,3.367
25,20,3.367
25,20,3.367
25,20,3.367
25,20,3.367
25,21,5.0506
25,21,5.0506
25,21,5.0506
25,21,5.0506
25,21,5.0506
25,21,5.0506
25,21,5.0506
25,21,5.0506
25,22,5.0506
25,22,5.0506
25,22,5.0506
25,22,5.0506
25,22,5.0506
25,22,5.0506
25,22,5.0506
25,22,5.0506
25,23,3.367
25,23,3.367
25,23,3.367
25,23,3.367
25,23,3.367
25,23,3.367
25,23,3.367
25,23,3.367
25,24,1.6835
25,24,1.6835
25,24,1.6835
25,24,1.6835
25,24,1.6835
25,24,1.6835
25,24,1.6835
25,24,1.6835
25,26,1.6835
25,26,1.6835
25,26,1.6835
25,26,1.6835
25,26,1.6835
25,26,1.6835
25,26,1.6835
25,26,1.6835
25,27,1.6835
25,27,1.6835
25,27,1.6835
25,27,1.6835
25,27,1.6835
25,27,1.6835
25,27,1.6835
25,27,1.6835
25,28,3.367
25,28,3.367
25,28,3.367
25,28,3.367
25,28,3.367
25,28,3.367
25,28,3.367
25,28,3.367
25,29,1.6835
25,29,1.6835
25,29,1.6835
25,29,1.6835
25,29,1.6835
25,29,1.6835
25,29,1.6835
25,29,1.6835
25,30,5.0506
25,30,5.0506
25,30,5.0506
25,30,5.0506
25,30,5.0506
25,30,5.0506
25,30,5.0506
25,30,5.0506
26,2,5.0506
26,2,5.0506
26,2,5.0506
26,2,5.0506
26,2,5.0506
26,2,5.0506
26,2,5.0506
26,2,5.0506
26,3,5.0506
26,3,5.0506
26,3,5.0506
26,3,5.0506
26,3,5.0506
26,3,5.0506
26,3,5.0506
26,3,5.0506
26,4,3.367
26,4,3.367
26,4,3.367
26,4,3.367
26,4,3.367
26,4,3.367
26,4,3.367
26,4,3.367
26,5,3.367
26,5,3.367
26,5,3.367
26,5,3.367
26,5,3.367
26,5,3.367
26,5,3.367
26,5,3.367
26,6,5.0506
26,6,5.0506
26,6,5.0506
26,6,5.0506
26,6,5.0506
26,6,5.0506
26,6,5.0506
26,6,5.0506
26,7,1.6835
26,7,1.6835
26,7,1.6835
26,7,1.6835
26,7,1.6835
26,7,1.6835
26,7,1.6835
26,7,1.6835
26,8,1.6835
26,8,1.6835
26,8,1.6835
26,8,1.6835
26,8,1.6835
26,8,1.6835
26,8,1.6835
26,8,1.6835
26,9,3.367
26,9,3.367
26,9,3.367
26,9,3.367
26,9,3.367
26,9,3.367
26,9,3.367
26,9,3.367
26,10,1.6835
26,10,1.6835
26,10,1.6835
26,10,1.6835
26,10,1.6835
26,10,1.6835
26,10,1.6835
26,10,1.6835
26,11,1.6835
26,11,1.6835
26,11,1.6835
26,11,1.6835
26,11,1.6835
26,11,1.6835
26,11,1.6835
26,11,1.6835
26,12,3.367
26,12,3.367
26,12,3.367
26,12,3.367
26,12,3.367
26,12,3.367
26,12,3.367
26,12,3.367
26,13,1.6835
26,13,1.6835
26,13,1.6835
26,13,1.6835
26,13,1.6835
26,13,1.6835
26,13,1.6835
26,13,1.6835
26,14,1.6835
26,14,1.6835
26,14,1.6835
26,14,1.6835
26,14,1.6835
26,14,1.6835
26,14,1.6835
26,14,1.6835
26,15,3.367
26,15,3.367
26,15,3.367
26,15,3.367
26,15,3.367
26,15,3.367
26,15,3.367
26,15,3.367
26,16,3.367
26,16,3.367
26,16,3.367
26,16,3.367
26,16,3.367
26,16,3.367
26,16,3.367
26,16,3.367
26,17,10.1009
26,17,10.1009
26,17,10.1009
26,17,10.1009
26,17,10.1009
26,17,10.1009
26,17,10.1009
26,17,10.1009
26,18,1.6835
26,18,1.6835
26,18,1.6835
26,18,1.6835
26,18,1.6835
26,18,1.6835
26,18,1.6835
26,18,1.6835
26,19,1.6835
26,19,1.6835
26,19,1.6835
26,19,1.6835
26,19,1.6835
26,19,1.6835
26,19,1.6835
26,19,1.6835
26,20,3.367
26,20,3.367
26,20,3.367
26,20,3.367
26,20,3.367
26,20,3.367
26,20,3.367
26,20,3.367
26,21,5.0506
26,21,5.0506
26,21,5.0506
26,21,5.0506
26,21,5.0506
26,21,5.0506
26,21,5.0506
26,21,5.0506
26,22,5.0506
26,22,5.0506
26,22,5.0506
26,22,5.0506
26,22,5.0506
26,22,5.0506
26,22,5.0506
26,22,5.0506
26,23,3.367
26,23,3.367
26,23,3.367
26,23,3.367
26,23,3.367
26,23,3.367
26,23,3.367
26,23,3.367
26,24,1.6835
26,24,1.6835
26,24,1.6835
26,24,1.6835
26,24,1.6835
26,24,1.6835
26,24,1.6835
26,24,1.6835
26,25,1.6835
26,25,1.6835
26,25,1.6835
26,25,1.6835
26,25,1.6835
26,25,1.6835
26,25,1.6835
26,25,1.6835
26,27,1.6835
26,27,1.6835
26,27,1.6835
26,27,1.6835
26,27,1.6835
26,27,1.6835
26,27,1.6835
26,27,1.6835
26,28,3.367
26,28,3.367
26,28,3.367
26,28,3.367
26,28,3.367
26,28,3.367
26,28,3.367
26,28,3.367
26,29,1.6835
26,29,1.6835
26,29,1.6835
26,29,1.6835
26,29,1.6835
26,29,1.6835
26,29,1.6835
26,29,1.6835
26,30,5.0506
26,30,5.0506
26,30,5.0506
26,30,5.0506
26,30,5.0506
26,30,5.0506
26,30,5.0506
26,30,5.0506
27,2,5.0506
27,2,5.0506
27,2,5.0506
27,2,5.0506
27,2,5.0506
27,2,5.0506
27,2,5.0506
27,2,5.0506
27,3,5.0506
27,3,5.0506
27,3,5.0506
27,3,5.0506
27,3,5.0506
27,3,5.0506
27,3,5.0506
27,3,5.0506
27,4,3.367
27,4,3.367
27,4,3.367
27,4,3.367
27,4,3.367
27,4,3.367
27,4,3.367
27,4,3.367
27,5,3.367
27,5,3.367
27,5,3.367
27,5,3.367
27,5,3.367
27,5,3.367
27,5,3.367
27,5,3.367
27,6,5.0506
27,6,5.0506
27,6,5.0506
27,6,5.0506
27,6,5.0506
27,6,5.0506
27,6,5.0506
27,6,5.0506
27,7,1.6835
27,7,1.6835
27,7,1.6835
27,7,1.6835
27,7,1.6835
27,7,1.6835
27,7,1.6835
27,7,1.6835
27,8,1.6835
27,8,1.6835
27,8,1.6835
27,8,1.6835
27,8,1.6835
27,8,1.6835
27,8,1.6835
27,8,1.6835
27,9,3.367
27,9,3.367
27,9,3.367
27,9,3.367
27,9,3.367
27,9,3.367
27,9,3.367
27,9,3.367
27,10,1.6835
27,10,1.6835
27,10,1.6835
27,10,1.6835
27,10,1.6835
27,10,1.6835
27,10,1.6835
27,10,1.6835
27,11,1.6835
27,11,1.6835
27,11,1.6835
27,11,1.6835
27,11,1.6835
27,11,1.6835
27,11,1.6835
27,11,1.6835
27,12,3.367
27,12,3.367
27,12,3.367
27,12,3.367
27,12,3.367
27,12,3.367
27,12,3.367
27,12,3.367
27,13,1.6835
27,13,1.6835
27,13,1.6835
27,13,1.6835
27,13,1.6835
27,13,1.6835
27,13,1.6835
27,13,1.6835
27,14,1.6835
27,14,1.6835
27,14,1.6835
27,14,1.6835
27,14,1.6835
27,14,1.6835
27,14,1.6835
27,14,1.6835
27,15,3.367
27,15,3.367
27,15,3.367
27,15,3.367
27,15,3.367
27,15,3.367
27,15,3.367
27,15,3.367
27,16,3.367
27,16,3.367
27,16,3.367
27,16,3.367
27,16,3.367
27,16,3.367
27,16,3.367
27,16,3.367
27,17,10.1009
27,17,10.1009
27,17,10.1009
27,17,10.1009
27,17,10.1009
27,17,10.1009
27,17,10.1009
27,17,10.1009
27,18,1.6835
27,18,1.6835
27,18,1.6835
27,18,1.6835
27,18,1.6835
27,18,1.6835
27,18,1.6835
27,18,1.6835
27,19,1.6835
27,19,1.6835
27,19,1.6835
27,19,1.6835
27,19,1.6835
27,19,1.6835
27,19,1.6835
27,19,1.6835
27,20,3.367
27,20,3.367
27,20,3.367
27,20,3.367
27,20,3.367
27,20,3.367
27,20,3.367
27,20,3.367
27,21,5.0506
27,21,5.0506
27,21,5.0506
27,21,5.0506
27,21,5.0506
27,21,5.0506
27,21,5.0506
27,21,5.0506
27,22,5.0506
27,22,5.0506
27,22,5.0506
27,22,5.0506
27,22,5.0506
27,22,5.0506
27,22,5.0506
27,22,5.0506
27,23,3.367
27,23,3.367
27,23,3.367
27,23,3.367
27,23,3.367
27,23,3.367
27,23,3.367
27,23,3.367
27,24,1.6835
27,24,1.6835
27,24,1.6835
27,24,1.6835
27,24,1.6835
27,24,1.6835
27,24,1.6835
27,24,1.6835
27,25,1.6835
27,25,1.6835
27,25,1.6835
27,25,1.6835
27,25,1.6835
27,25,1.6835
27,25,1.6835
27,25,1.6835
27,26,1.6835
27,26,1.6835
27,26,1.6835
27,26,1.6835
27,26,1.6835
27,26,1.6835
27,26,1.6835
27,26,1.6835
27,28,3.367
27,28,3.367
27,28,3.367
27,28,3.367
27,28,3.367
27,28,3.367
27,28,3.367
27,28,3.367
27,29,1.6835
27,29,1.6835
27,29,1.6835
27,29,1.6835
27,29,1.6835
27,29,1.6835
27,29,1.6835
27,29,1.6835
27,30,5.0506
27,30,5.0506
27,30,5.0506
27,30,5.0506
27,30,5.0506
27,30,5.0506
27,30,5.0506
27,30,5.0506
28,2,10.2917
28,2,10.2917
28,2,10.2917
28,2,10.2917
28,2,10.2917
28,2,10.2917
28,2,10.2917
28,2,10.2917
28,3,10.2917
28,3,10.2917
28,3,10.2917
28,3,10.2917
28,3,10.2917
28,3,10.2917
28,3,10.2917
28,3,10.2917
28,4,6.8611
28,4,6.8611
28,4,6.8611
28,4,6.8611
28,4,6.8611
28,4,6.8611
28,4,6.8611
28,4,6.8611
28,5,6.8611
28,5,6.8611
28,5,6.8611
28,5,6.8611
28,5,6.8611
28,5,6.8611
28,5,6.8611
28,5,6.8611
28,6,10.2917
28,6,10.2917
28,6,10.2917
28,6,10.2917
28,6,10.2917
28,6,10.2917
28,6,10.2917
28,6,10.2917
28,7,3.4306
28,7,3.4306
28,7,3.4306
28,7,3.4306
28,7,3.4306
28,7,3.4306
28,7,3.4306
28,7,3.4306
28,8,3.4306
28,8,3.4306
28,8,3.4306
28,8,3.4306
28,8,3.4306
28,8,3.4306
28,8,3.4306
28,8,3.4306
28,9,6.8611
28,9,6.8611
28,9,6.8611
28,9,6.8611
28,9,6.8611
28,9,6.8611
28,9,6.8611
28,9,6.8611
28,10,3.4306
28,10,3.4306
28,10,3.4306
28,10,3.4306
28,10,3.4306
28,10,3.4306
28,10,3.4306
28,10,3.4306
28,11,3.4306
28,11,3.4306
28,11,3.4306
28,11,3.4306
28,11,3.4306
28,11,3.4306
28,11,3.4306
28,11,3.4306
28,12,6.8611
28,12,6.8611
28,12,6.8611
28,12,6.8611
28,12,6.8611
28,12,6.8611
28,12,6.8611
28,12,6.8611
28,13,3.4306
28,13,3.4306
28,13,3.4306
28,13,3.4306
28,13,3.4306
28,13,3.4306
28,13,3.4306
28,13,3.4306
28,14,3.4306
28,14,3.4306
28,14,3.4306
28,14,3.4306
28,14,3.4306
28,14,3.4306
28,14,3.4306
28,14,3.4306
28,15,6.8611
28,15,6.8611
28,15,6.8611
28,15,6.8611
28,15,6.8611
28,15,6.8611
28,15,6.8611
28,15,6.8611
28,16,6.8611
28,16,6.8611
28,16,6.8611
28,16,6.8611
28,16,6.8611
28,16,6.8611
28,16,6.8611
28,16,6.8611
28,17,20.5831
28,17,20.5831
28,17,20.5831
28,17,20.5831
28,17,20.5831
28,17,20.5831
28,17,20.5831
28,17,20.5831
28,18,3.4306
28,18,3.4306
28,18,3.4306
28,18,3.4306
28,18,3.4306
28,18,3.4306
28,18,3.4306
28,18,3.4306
28,19,3.4306
28,19,3.4306
28,19,3.4306
28,19,3.4306
28,19,3.4306
28,19,3.4306
28,19,3.4306
28,19,3.4306
28,20,6.8611
28,20,6.8611
28,20,6.8611
28,20,6.8611
28,20,6.8611
28,20,6.8611
28,20,6.8611
28,20,6.8611
28,21,10.2917
28,21,10.2917
28,21,10.2917
28,21,10.2917
28,21,10.2917
28,21,10.2917
28,21,10.2917
28,21,10.2917
28,22,10.2917
28,22,10.2917
28,22,10.2917
28,22,10.2917
28,22,10.2917
28,22,10.2917
28,22,10.2917
28,22,10.2917
28,23,6.8611
28,23,6.8611
28,23,6.8611
28,23,6.8611
28,23,6.8611
28,23,6.8611
28,23,6.8611
28,23,6.8611
28,24,3.4306
28,24,3.4306
28,24,3.4306
28,24,3.4306
28,24,3.4306
28,24,3.4306
28,24,3.4306
28,24,3.4306
28,25,3.4306
28,25,3.4306
28,25,3.4306
28,25,3.4306
28,25,3.4306
28,25,3.4306
28,25,3.4306
28,25,3.4306
28,26,3.4306
28,26,3.4306
28,26,3.4306
28,26,3.4306
28,26,3.4306
28,26,3.4306
28,26,3.4306
28,26,3.4306
28,27,3.4306
28,27,3.4306
28,27,3.4306
28,27,3.4306
28,27,3.4306
28,27,3.4306
28,27,3.4306
28,27,3.4306
28,29,3.4306
28,29,3.4306
28,29,3.4306
28,29,3.4306
28,29,3.4306
28,29,3.4306
28,29,3.4306
28,29,3.4306
28,30,10.2917
28,30,10.2917
28,30,10.2917
28,30,10.2917
28,30,10.2917
28,30,10.2917
28,30,10.2917
28,30,10.2917
29,2,5.0506
29,2,5.0506
29,2,5.0506
29,2,5.0506
29,2,5.0506
29,2,5.0506
29,2,5.0506
29,2,5.0506
29,3,5.0506
29,3,5.0506
29,3,5.0506
29,3,5.0506
29,3,5.0506
29,3,5.0506
29,3,5.0506
29,3,5.0506
29,4,3.367
29,4,3.367
29,4,3.367
29,4,3.367
29,4,3.367
29,4,3.367
29,4,3.367
29,4,3.367
29,5,3.367
29,5,3.367
29,5,3.367
29,5,3.367
29,5,3.367
29,5,3.367
29,5,3.367
29,5,3.367
29,6,5.0506
29,6,5.0506
29,6,5.0506
29,6,5.0506
29,6,5.0506
29,6,5.0506
29,6,5.0506
29,6,5.0506
29,7,1.6835
29,7,1.6835
29,7,1.6835
29,7,1.6835
29,7,1.6835
29,7,1.6835
29,7,1.6835
29,7,1.6835
29,8,1.6835
29,8,1.6835
29,8,1.6835
29,8,1.6835
29,8,1.6835
29,8,1.6835
29,8,1.6835
29,8,1.6835
29,9,3.367
29,9,3.367
29,9,3.367
29,9,3.367
29,9,3.367
29,9,3.367
29,9,3.367
29,9,3.367
29,10,1.6835
29,10,1.6835
29,10,1.6835
29,10,1.6835
29,10,1.6835
29,10,1.6835
29,10,1.6835
29,10,1.6835
29,11,1.6835
29,11,1.6835
29,11,1.6835
29,11,1.6835
29,11,1.6835
29,11,1.6835
29,11,1.6835
29,11,1.6835
29,12,3.367
29,12,3.367
29,12,3.367
29,12,3.367
29,12,3.367
29,12,3.367
29,12,3.367
29,12,3.367
29,13,1.6835
29,13,1.6835
29,13,1.6835
29,13,1.6835
29,13,1.6835
29,13,1.6835
29,13,1.6835
29,13,1.6835
29,14,1.6835
29,14,1.6835
29,14,1.6835
29,14,1.6835
29,14,1.6835
29,14,1.6835
29,14,1.6835
29,14,1.6835
29,15,3.367
29,15,3.367
29,15,3.367
29,15,3.367
29,15,3.367
29,15,3.367
29,15,3.367
29,15,3.367
29,16,3.367
29,16,3.367
29,16,3.367
29,16,3.367
29,16,3.367
29,16,3.367
29,16,3.367
29,16,3.367
29,17,10.1009
29,17,10.1009
29,17,10.1009
29,17,10.1009
29,17,10.1009
29,17,10.1009
29,17,10.1009
29,17,10.1009
29,18,1.6835
29,18,1.6835
29,18,1.6835
29,18,1.6835
29,18,1.6835
29,18,1.6835
29,18,1.6835
29,18,1.6835
29,19,1.6835
29,19,1.6835
29,19,1.6835
29,19,1.6835
29,19,1.6835
29,19,1.6835
29,19,1.6835
29,19,1.6835
29,20,3.367
29,20,3.367
29,20,3.367
29,20,3.367
29,20,3.367
29,20,3.367
29,20,3.367
29,20,3.367
29,21,5.0506
29,21,5.0506
29,21,5.0506
29,21,5.0506
29,21,5.0506
29,21,5.0506
29,21,5.0506
29,21,5.0506
29,22,5.0506
29,22,5.0506
29,22,5.0506
29,22,5.0506
29,22,5.0506
29,22,5.0506
29,22,5.0506
29,22,5.0506
29,23,3.367
29,23,3.367
29,23,3.367
29,23,3.367
29,23,3.367
29,23,3.367
29,23,3.367
29,23,3.367
29,24,1.6835
29,24,1.6835
29,24,1.6835
29,24,1.6835
29,24,1.6835
29,24,1.6835
29,24,1.6835
29,24,1.6835
29,25,1.6835
29,25,1.6835
29,25,1.6835
29,25,1.6835
29,25,1.6835
29,25,1.6835
29,25,1.6835
29,25,1.6835
29,26,1.6835
29,26,1.6835
29,26,1.6835
29,26,1.6835
29,26,1.6835
29,26,1.6835
29,26,1.6835
29,26,1.6835
29,27,1.6835
29,27,1.6835
29,27,1.6835
29,27,1.6835
29,27,1.6835
29,27,1.6835
29,27,1.6835
29,27,1.6835
29,28,3.367
29,28,3.367
29,28,3.367
29,28,3.367
29,28,3.367
29,28,3.367
29,28,3.367
29,28,3.367
29,30,5.0506
29,30,5.0506
29,30,5.0506
29,30,5.0506
29,30,5.0506
29,30,5.0506
29,30,5.0506
29,30,5.0506
30,2,15.7345
30,2,15.7345
30,2,15.7345
30,2,15.7345
30,2,15.7345
30,2,15.7345
30,2,15.7345
30,2,15.7345
30,3,15.7345
30,3,15.7345
30,3,15.7345
30,3,15.7345
30,3,15.7345
30,3,15.7345
30,3,15.7345
30,3,15.7345
30,4,10.4896
30,4,10.4896
30,4,10.4896
30,4,10.4896
30,4,10.4896
30,4,10.4896
30,4,10.4896
30,4,10.4896
30,5,10.4896
30,5,10.4896
30,5,10.4896
30,5,10.4896
30,5,10.4896
30,5,10.4896
30,5,10.4896
30,5,10.4896
30,6,15.7345
30,6,15.7345
30,6,15.7345
30,6,15.7345
30,6,15.7345
30,6,15.7345
30,6,15.7345
30,6,15.7345
30,7,5.2448
30,7,5.2448
30,7,5.2448
30,7,5.2448
30,7,5.2448
30,7,5.2448
30,7,5.2448
30,7,5.2448
30,8,5.2448
30,8,5.2448
30,8,5.2448
30,8,5.2448
30,8,5.2448
30,8,5.2448
30,8,5.2448
30,8,5.2448
30,9,10.4896
30,9,10.4896
30,9,10.4896
30,9,10.4896
30,9,10.4896
30,9,10.4896
30,9,10.4896
30,9,10.4896
30,10,5.2448
30,10,5.2448
30,10,5.2448
30,10,5.2448
30,10,5.2448
30,10,5.2448
30,10,5.2448
30,10,5.2448
30,11,5.2448
30,11,5.2448
30,11,5.2448
30,11,5.2448
30,11,5.2448
30,11,5.2448
30,11,5.2448
30,11,5.2448
30,12,10.4896
30,12,10.4896
30,12,10.4896
30,12,10.4896
30,12,10.4896
30,12,10.4896
30,12,10.4896
30,12,10.4896
30,13,5.2448
30,13,5.2448
30,13,5.2448
30,13,5.2448
30,13,5.2448
30,13,5.2448
30,13,5.2448
30,13,5.2448
30,14,5.2448
30,14,5.2448
30,14,5.2448
30,14,5.2448
30,14,5.2448
30,14,5.2448
30,14,5.2448
30,14,5.2448
30,15,10.4896
30,15,10.4896
30,15,10.4896
30,15,10.4896
30,15,10.4896
30,15,10.4896
30,15,10.4896
30,15,10.4896
30,16,10.4896
30,16,10.4896
30,16,10.4896
30,16,10.4896
30,16,10.4896
30,16,10.4896
30,16,10.4896
30,16,10.4896
30,17,31.4683
30,17,31.4683
30,17,31.4683
30,17,31.4683
30,17,31.4683
30,17,31.4683
30,17,31.4683
30,17,31.4683
30,18,5.2448
30,18,5.2448
30,18,5.2448
30,18,5.2448
30,18,5.2448
30,18,5.2448
30,18,5.2448
30,18,5.2448
30,19,5.2448
30,19,5.2448
30,19,5.2448
30,19,5.2448
30,19,5.2448
30,19,5.2448
30,19,5.2448
30,19,5.2448
30,20,10.4896
30,20,10.4896
30,20,10.4896
30,20,10.4896
30,20,10.4896
30,20,10.4896
30,20,10.4896
30,20,10.4896
30,21,15.7345
30,21,15.7345
30,21,15.7345
30,21,15.7345
30,21,15.7345
30,21,15.7345
30,21,15.7345
30,21,15.7345
30,22,15.7345
30,22,15.7345
30,22,15.7345
30,22,15.7345
30,22,15.7345
30,22,15.7345
30,22,15.7345
30,22,15.7345
30,23,10.4896
30,23,10.4896
30,23,10.4896
30,23,10.4896
30,23,10.4896
30,23,10.4896
30,23,10.4896
30,23,10.4896
30,24,5.2448
30,24,5.2448
30,24,5.2448
30,24,5.2448
30,24,5.2448
30,24,5.2448
30,24,5.2448
30,24,5.2448
30,25,5.2448
30,25,5.2448
30,25,5.2448
30,25,5.2448
30,25,5.2448
30,25,5.2448
30,25,5.2448
30,25,5.2448
30,26,5.2448
30,26,5.2448
30,26,5.2448
30,26,5.2448
30,26,5.2448
30,26,5.2448
30,26,5.2448
30,26,5.2448
30,27,5.2448
30,27,5.2448
30,27,5.2448
30,27,5.2448
30,27,5.2448
30,27,5.2448
30,27,5.2448
30,27,5.2448
30,28,10.4896
30,28,10.4896
30,28,10.4896
30,28,10.4896
30,28,10.4896
30,28,10.4896
30,28,10.4896
30,28,10.4896
30,29,5.2448
30,29,5.2448
30,29,5.2448
30,29,5.2448
30,29,5.2448
30,29,5.2448
30,29,5.2448
30,29,5.2448
