mode,route_id,o_zone_id,d_zone_id,unique_route_id,prob,node_ids,link_ids,distance_mile,total_distance_km,total_free_flow_travel_time,total_travel_time,route_key,volume,
sov,0,2,5,1,1,2;349;211;358;63;64;5,8;500;307;529;121;124,0.41826,0.67298,0.977613,0.977615,1052_1589,10.4896
sov,0,2,6,1,1,2;349;211;358;63;64;53;6,8;500;307;529;121;125;103,0.513841,0.82677,1.2083,1.2083,1106_1693,15.7345
sov,0,2,7,1,1,2;349;211;358;210;351;239;7,8;500;307;530;306;504;346,0.303468,0.48828,0.618575,0.618576,1727_2501,5.2448
sov,0,2,8,1,1,2;349;211;358;210;351;352;328;336;8,8;500;307;530;306;505;509;468;479,0.404537,0.6509,0.872863,0.872864,2505_3612,5.2448
sov,0,2,15,1,1,2;349;211;358;210;351;352;207;353;65;110;196;180;350;15,8;500;307;530;306;505;508;304;513;129;201;294;279;501,0.756203,1.21673,1.41454,1.41454,3309_4885,10.4896
sov,0,2,16,1,1,2;349;211;358;210;351;352;207;353;65;110;196;180;55;153;177;359;60;16,8;500;307;530;306;505;508;304;513;129;201;294;278;107;249;274;533;117,0.876401,1.41013,1.91726,1.91726,3764_5663,10.4896
sov,0,2,18,1,1,2;349;208;366;217;220;18,8;499;305;560;313;316,0.218676,0.35185,0.453803,0.453804,1380_2001,5.2448
sov,0,2,23,1,1,2;349;211;358;210;351;352;207;353;23,8;500;307;530;306;505;508;304;511,0.503505,0.81014,1.12473,1.12473,2416_3479,10.4896
sov,0,2,25,1,1,2;349;211;358;210;351;352;207;353;65;110;196;180;55;153;177;359;80;25,8;500;307;530;306;505;508;304;513;129;201;294;278;107;249;274;535;149,0.803723,1.29319,1.57196,1.57196,3793_5697,5.2448
sov,0,2,29,1,1,2;349;208;366;29,8;499;305;557,0.179683,0.28911,0.389213,0.389214,954_1369,5.2448
sov,0,4,5,1,1,4;5,9,0.0558981,0.08994,0.13491,0.13491,9_9,6.8611
sov,0,5,2,1,1,5;64;63;358;213;349;2,14;126;123;531;309;497,0.418738,0.67375,0.978575,0.97858,1054_1600,10.2917
sov,0,5,4,1,1,5;4,11,0.0558981,0.08994,0.13491,0.13491,9_11,6.8611
sov,0,5,6,1,1,5;6,12,0.0976259,0.15708,0.23562,0.23562,11_12,10.2917
sov,0,5,7,1,1,5;64;107;354;357;234;351;239;7,14;127;196;518;527;337;504;346,0.420317,0.67629,0.837114,0.837114,1718_2569,3.4306
sov,0,5,8,1,1,5;64;107;354;357;234;351;352;328;336;8,14;127;196;518;527;337;505;509;468;479,0.521386,0.83891,1.0914,1.0914,2496_3680,3.4306
sov,0,5,15,1,1,5;64;107;354;357;234;351;352;207;353;65;110;196;180;350;15,14;127;196;518;527;337;505;508;304;513;129;201;294;279;501,0.873052,1.40474,1.63308,1.63308,3300_4953,6.8611
sov,0,5,16,1,1,5;64;107;354;357;234;351;352;207;353;65;110;196;180;55;153;177;359;60;16,14;127;196;518;527;337;505;508;304;513;129;201;294;278;107;249;274;533;117,0.99325,1.59814,2.1358,2.1358,3755_5731,6.8611
sov,0,5,18,1,1,5;64;63;358;213;349;208;366;217;220;18,14;126;123;531;309;499;305;560;313;316,0.499068,0.803,1.09848,1.09848,2081_3096,3.4306
sov,0,5,23,1,1,5;64;107;354;357;234;351;352;207;353;23,14;127;196;518;527;337;505;508;304;511,0.620354,0.99815,1.34327,1.34327,2407_3547,6.8611
sov,0,5,25,1,1,5;64;107;354;357;234;351;352;207;353;65;110;196;180;55;153;177;359;80;25,14;127;196;518;527;337;505;508;304;513;129;201;294;278;107;249;274;535;149,0.920572,1.4812,1.7905,1.7905,3784_5765,3.4306
sov,0,5,29,1,1,5;64;63;358;213;349;208;366;29,14;126;123;531;309;499;305;557,0.460075,0.74026,1.03389,1.03389,1655_2464,3.4306
sov,0,5,30,1,1,5;31;30,13;57,0.164568,0.26479,0.362588,0.362588,66_70,10.2917
sov,0,6,2,1,1,6;53;64;63;358;213;349;2,17;104;126;123;531;309;497,0.514319,0.82754,1.20926,1.20927,1108_1707,15.7345
sov,0,6,5,1,1,6;5,15,0.0976259,0.15708,0.23562,0.23562,11_15,10.4896
sov,0,6,7,1,1,6;53;355;354;357;234;351;239;7,17;105;521;518;527;337;504;346,0.515749,0.82984,0.99999,0.99999,1956_2875,5.2448
sov,0,6,8,1,1,6;53;355;354;357;234;351;352;328;336;8,17;105;521;518;527;337;505;509;468;479,0.616818,0.99246,1.25428,1.25428,2734_3986,5.2448
sov,0,6,15,1,1,6;53;355;354;357;234;351;352;207;353;65;110;196;180;350;15,17;105;521;518;527;337;505;508;304;513;129;201;294;279;501,0.968484,1.55829,1.79595,1.79595,3538_5259,10.4896
sov,0,6,16,1,1,6;53;355;354;357;234;351;352;207;353;65;110;196;180;55;153;177;359;60;16,17;105;521;518;527;337;505;508;304;513;129;201;294;278;107;249;274;533;117,1.08868,1.75169,2.29868,2.29868,3993_6037,10.4896
sov,0,6,18,1,1,6;53;64;63;358;213;349;208;366;217;220;18,17;104;126;123;531;309;499;305;560;313;316,0.594649,0.95679,1.32916,1.32916,2135_3203,5.2448
sov,0,6,23,1,1,6;53;355;354;357;234;351;352;207;353;23,17;105;521;518;527;337;505;508;304;511,0.715786,1.1517,1.50615,1.50615,2645_3853,10.4896
sov,0,6,25,1,1,6;53;355;354;357;234;351;352;207;353;65;110;196;180;55;153;177;359;80;25,17;105;521;518;527;337;505;508;304;513;129;201;294;278;107;249;274;535;149,1.016,1.63475,1.95338,1.95338,4022_6071,5.2448
sov,0,6,29,1,1,6;53;64;63;358;213;349;208;366;29,17;104;126;123;531;309;499;305;557,0.555656,0.89405,1.26457,1.26457,1709_2571,5.2448
sov,0,6,30,1,1,6;52;161;316;160;31;30,16;102;260;454;257;57,0.263897,0.42461,0.561508,0.561508,756_1146,15.7345
sov,0,7,2,1,1,7;239;351;115;358;213;349;2,20;347;503;204;531;309;497,0.303456,0.48826,0.61855,0.618554,1634_2411,5.0506
sov,0,7,5,1,1,7;239;351;357;354;107;64;5,20;347;506;528;515;195;124,0.420193,0.67609,0.825061,0.825062,1484_2235,3.367
sov,0,7,6,1,1,7;239;351;357;354;355;53;6,20;347;506;528;517;519;103,0.515594,0.82959,0.987884,0.987886,1722_2540,5.0506
sov,0,7,8,1,1,7;8,18,0.0970541,0.15616,0.31232,0.31232,15_18,1.6835
sov,0,7,15,1,1,7;239;351;352;207;353;65;110;196;180;350;15,20;347;505;508;304;513;129;201;294;279;501,0.589167,0.94797,1.03116,1.03116,2425_3601,3.367
sov,0,7,16,1,1,7;239;351;352;207;353;65;110;196;180;55;153;177;359;60;16,20;347;505;508;304;513;129;201;294;278;107;249;274;533;117,0.709366,1.14137,1.53389,1.53389,2880_4379,3.367
sov,0,7,18,1,1,7;239;351;115;358;213;349;208;366;217;220;18,20;347;503;204;531;309;499;305;560;313;316,0.383785,0.61751,0.738453,0.738453,2661_3907,1.6835
sov,0,7,23,1,1,7;239;351;352;207;353;23,20;347;505;508;304;511,0.33647,0.54138,0.741358,0.741359,1532_2195,3.367
sov,0,7,25,1,1,7;239;351;352;207;353;65;110;196;180;55;153;177;359;80;25,20;347;505;508;304;513;129;201;294;278;107;249;274;535;149,0.636687,1.02443,1.18859,1.18859,2909_4413,1.6835
sov,0,7,29,1,1,7;239;351;115;358;213;349;208;366;29,20;347;503;204;531;309;499;305;557,0.344792,0.55477,0.673863,0.673863,2235_3275,1.6835
sov,0,8,2,1,1,8;337;338;328;352;204;201;351;115;358;213;349;2,22;481;483;469;507;302;299;503;204;531;309;497,0.413443,0.66523,0.901155,0.90116,3156_4607,5.0506
sov,0,8,5,1,1,8;337;338;328;352;204;201;351;357;354;107;64;5,22;481;483;469;507;302;299;506;528;515;195;124,0.53018,0.85306,1.10767,1.10767,3006_4431,3.367
sov,0,8,6,1,1,8;337;338;328;352;204;201;351;357;354;355;53;6,22;481;483;469;507;302;299;506;528;517;519;103,0.625581,1.00656,1.27049,1.27049,3244_4736,5.0506
sov,0,8,7,1,1,8;7,21,0.0970541,0.15616,0.31232,0.31232,15_21,1.6835
sov,0,8,15,1,1,8;337;338;328;352;207;353;65;110;196;180;350;15,22;481;483;469;508;304;513;129;201;294;279;501,0.500168,0.80477,0.913555,0.913555,2839_4184,3.367
sov,0,8,16,1,1,8;337;338;328;352;207;353;65;110;196;180;55;153;177;359;60;16,22;481;483;469;508;304;513;129;201;294;278;107;249;274;533;117,0.620367,0.99817,1.41628,1.41628,3294_4962,3.367
sov,0,8,18,1,1,8;337;338;328;352;204;201;351;115;358;213;349;208;366;217;220;18,22;481;483;469;507;302;299;503;204;531;309;499;305;560;313;316,0.493773,0.79448,1.02106,1.02106,4183_6103,1.6835
sov,0,8,23,1,1,8;337;338;23,22;481;482,0.104375,0.16794,0.33588,0.33588,706_985,3.367
sov,0,8,25,1,1,8;337;338;328;352;207;353;65;110;196;180;55;153;177;359;80;25,22;481;483;469;508;304;513;129;201;294;278;107;249;274;535;149,0.547688,0.88123,1.07098,1.07098,3323_4996,1.6835
sov,0,8,29,1,1,8;337;338;328;352;204;201;351;115;358;213;349;208;366;29,22;481;483;469;507;302;299;503;204;531;309;499;305;557,0.454779,0.73174,0.956468,0.956468,3757_5471,1.6835
sov,0,9,10,1,1,9;10,23,0.0753387,0.12122,0.24244,0.24244,19_23,3.4306
sov,0,9,25,1,1,9;25,24,0.141417,0.22754,0.45508,0.45508,34_24,3.4306
sov,0,9,26,1,1,9;26,25,0.00346799,0.00558,0.01116,0.01116,35_25,3.4306
sov,0,10,9,1,1,10;9,26,0.0753387,0.12122,0.24244,0.24244,19_26,3.367
sov,0,11,12,1,1,11;12,27,0.000515848,0.00083,0.00166,0.00166,23_27,3.367
sov,0,12,11,1,1,12;11,28,0.000515848,0.00083,0.00166,0.00166,23_28,3.4306
sov,0,12,13,1,1,12;13,29,0.0957116,0.154,0.308,0.308,25_29,3.4306
sov,0,12,23,1,1,12;23,30,0.0669795,0.10777,0.21554,0.21554,35_30,6.8611
sov,0,12,24,1,1,12;24,31,0.000316967,0.00051,0.00102,0.00102,36_31,3.4306
sov,0,13,2,1,1,13;335;337;338;328;352;204;201;351;115;358;213;349;2,33;478;481;483;469;507;302;299;503;204;531;309;497,0.474015,0.76269,1.04732,1.04732,3496_5096,5.0506
sov,0,13,5,1,1,13;335;337;338;328;352;204;201;351;357;354;107;64;5,33;478;481;483;469;507;302;299;506;528;515;195;124,0.590752,0.95052,1.25383,1.25383,3346_4920,3.367
sov,0,13,6,1,1,13;335;337;338;328;352;204;201;351;357;354;355;53;6,33;478;481;483;469;507;302;299;506;528;517;519;103,0.686153,1.10402,1.41665,1.41666,3584_5225,5.0506
sov,0,13,7,1,1,13;335;331;332;302;238;237;7,33;477;473;474;430;343;340,0.171417,0.27581,0.454148,0.454148,1795_2570,1.6835
sov,0,13,8,1,1,13;335;337;338;328;336;8,33;478;481;483;468;479,0.0773151,0.1244,0.200045,0.200045,1695_2422,1.6835
sov,0,13,12,1,1,13;12,32,0.0957116,0.154,0.308,0.308,25_32,3.367
sov,0,13,15,1,1,13;335;337;338;328;352;207;353;65;110;196;180;350;15,33;478;481;483;469;508;304;513;129;201;294;279;501,0.56074,0.90223,1.05972,1.05972,3179_4673,3.367
sov,0,13,16,1,1,13;335;337;338;328;352;207;353;65;110;196;180;55;153;177;359;60;16,33;478;481;483;469;508;304;513;129;201;294;278;107;249;274;533;117,0.680938,1.09563,1.56244,1.56245,3634_5451,3.367
sov,0,13,18,1,1,13;335;337;338;328;352;204;201;351;115;358;213;349;208;366;217;220;18,33;478;481;483;469;507;302;299;503;204;531;309;499;305;560;313;316,0.554344,0.89194,1.16722,1.16722,4523_6592,1.6835
sov,0,13,23,1,1,13;335;337;338;23,33;478;481;482,0.164947,0.2654,0.482045,0.482045,1046_1474,3.367
sov,0,13,25,1,1,13;335;337;338;328;352;207;353;65;110;196;180;55;153;177;359;80;25,33;478;481;483;469;508;304;513;129;201;294;278;107;249;274;535;149,0.60826,0.97869,1.21714,1.21714,3663_5485,1.6835
sov,0,13,29,1,1,13;335;337;338;328;352;204;201;351;115;358;213;349;208;366;29,33;478;481;483;469;507;302;299;503;204;531;309;499;305;557,0.515351,0.8292,1.10263,1.10263,4097_5960,1.6835
sov,0,15,2,1,1,15;359;177;153;350;167;111;102;197;198;353;203;199;200;202;205;352;204;201;351;115;358;213;349;2,35;536;273;250;502;265;203;185;295;296;514;301;297;298;300;303;507;302;299;503;204;531;309;497,0.825649,1.32847,1.6789,1.67891,5336_8005,10.2917
sov,0,15,5,1,1,15;359;177;153;350;167;111;102;197;198;353;203;199;200;202;205;352;204;201;351;357;354;107;64;5,35;536;273;250;502;265;203;185;295;296;514;301;297;298;300;303;507;302;299;506;528;515;195;124,0.942387,1.5163,1.88541,1.88541,5186_7829,6.8611
sov,0,15,6,1,1,15;359;177;153;350;167;111;102;197;198;353;203;199;200;202;205;352;204;201;351;357;354;355;53;6,35;536;273;250;502;265;203;185;295;296;514;301;297;298;300;303;507;302;299;506;528;517;519;103,1.03779,1.6698,2.04824,2.04824,5424_8134,10.2917
sov,0,15,7,1,1,15;359;177;153;350;167;111;102;197;198;353;203;199;200;202;205;352;204;201;351;239;7,35;536;273;250;502;265;203;185;295;296;514;301;297;298;300;303;507;302;299;504;346,0.658626,1.05973,1.29555,1.29555,4545_6811,3.4306
sov,0,15,8,1,1,15;359;177;153;350;167;111;102;197;198;353;203;199;200;202;205;352;328;336;8,35;536;273;250;502;265;203;185;295;296;514;301;297;298;300;303;509;468;479,0.560709,0.90218,1.14963,1.14963,4215_6309,3.4306
sov,0,15,16,1,1,15;16,34,0.0569111,0.09157,0.0686775,0.0686775,31_34,6.8611
sov,0,15,18,1,1,15;359;177;153;350;167;111;102;197;198;353;203;199;200;202;205;352;204;201;351;115;358;213;349;208;366;217;220;18,35;536;273;250;502;265;203;185;295;296;514;301;297;298;300;303;507;302;299;503;204;531;309;499;305;560;313;316,0.905979,1.45772,1.79881,1.79881,6363_9501,3.4306
sov,0,15,23,1,1,15;359;177;153;350;167;111;102;197;198;353;23,35;536;273;250;502;265;203;185;295;296;511,0.46179,0.74302,1.0035,1.0035,2205_3351,6.8611
sov,0,15,25,1,1,15;359;80;25,35;535;149,0.170597,0.27449,0.437561,0.437561,479_719,3.4306
sov,0,15,29,1,1,15;359;177;153;350;167;111;102;197;198;353;203;199;200;202;205;352;204;201;351;115;358;213;349;208;366;29,35;536;273;250;502;265;203;185;295;296;514;301;297;298;300;303;507;302;299;503;204;531;309;499;305;557,0.866986,1.39498,1.73422,1.73422,5937_8869,3.4306
sov,0,16,17,1,1,16;17,36,0.0201305,0.03239,0.0242925,0.0242925,33_36,20.5831
sov,0,17,2,1,1,17;356;78;350;167;111;102;197;198;353;203;199;200;202;205;352;204;201;351;115;358;213;349;2,37;523;148;502;265;203;185;295;296;514;301;297;298;300;303;507;302;299;503;204;531;309;497,0.86706,1.3951,1.49546,1.49547,5083_7619,33.3949
sov,0,17,5,1,1,17;356;78;350;167;111;102;197;198;353;203;199;200;202;205;352;204;201;351;357;354;107;64;5,37;523;148;502;265;203;185;295;296;514;301;297;298;300;303;507;302;299;506;528;515;195;124,0.983797,1.58293,1.70197,1.70197,4933_7443,22.2633
sov,0,17,6,1,1,17;356;78;350;167;111;102;197;198;353;203;199;200;202;205;352;204;201;351;357;354;355;53;6,37;523;148;502;265;203;185;295;296;514;301;297;298;300;303;507;302;299;506;528;517;519;103,1.0792,1.73643,1.8648,1.8648,5171_7748,33.3949
sov,0,17,7,1,1,17;356;78;350;167;111;102;197;198;353;203;199;200;202;205;352;204;201;351;239;7,37;523;148;502;265;203;185;295;296;514;301;297;298;300;303;507;302;299;504;346,0.700037,1.12636,1.11211,1.11211,4292_6425,11.1316
sov,0,17,8,1,1,17;356;78;350;167;111;102;197;198;353;203;199;200;202;205;352;328;336;8,37;523;148;502;265;203;185;295;296;514;301;297;298;300;303;509;468;479,0.602119,0.96881,0.966188,0.966188,3962_5923,11.1316
sov,0,17,15,1,1,17;356;78;15,37;523;147,0.125333,0.20166,0.171733,0.171733,466_707,22.2633
sov,0,17,16,1,1,17;356;78;350;167;111;102;65;110;196;180;55;153;177;359;60;16,37;523;148;502;265;203;184;129;201;294;278;107;249;274;533;117,0.688745,1.10819,1.26386,1.26386,2552_4044,22.2633
sov,0,17,18,1,1,17;356;78;350;167;111;102;197;198;353;203;199;200;202;205;352;204;201;351;115;358;213;349;208;366;217;220;18,37;523;148;502;265;203;185;295;296;514;301;297;298;300;303;507;302;299;503;204;531;309;499;305;560;313;316,0.94739,1.52435,1.61537,1.61537,6110_9115,11.1316
sov,0,17,23,1,1,17;356;78;350;167;111;102;197;198;353;23,37;523;148;502;265;203;185;295;296;511,0.503201,0.80965,0.820058,0.820059,1952_2965,22.2633
sov,0,17,25,1,1,17;356;78;350;167;111;102;65;110;196;180;55;153;177;359;80;25,37;523;148;502;265;203;184;129;201;294;278;107;249;274;535;149,0.616066,0.99125,0.918561,0.918561,2581_4078,11.1316
sov,0,17,29,1,1,17;356;78;350;167;111;102;197;198;353;203;199;200;202;205;352;204;201;351;115;358;213;349;208;366;29,37;523;148;502;265;203;185;295;296;514;301;297;298;300;303;507;302;299;503;204;531;309;499;305;557,0.908397,1.46161,1.55078,1.55078,5684_8483,11.1316
sov,0,18,2,1,1,18;212;366;168;349;2,39;308;559;266;497,0.215078,0.34606,0.4604,0.460405,1115_1669,5.0506
sov,0,18,5,1,1,18;212;366;168;349;211;358;63;64;5,39;308;559;266;500;307;529;121;124,0.494991,0.79644,1.10411,1.10411,1814_2753,3.367
sov,0,18,6,1,1,18;212;366;168;349;211;358;63;64;53;6,39;308;559;266;500;307;529;121;125;103,0.590572,0.95023,1.3348,1.3348,1868_2857,5.0506
sov,0,18,7,1,1,18;212;366;168;349;211;358;210;351;239;7,39;308;559;266;500;307;530;306;504;346,0.380199,0.61174,0.745075,0.745075,2489_3665,1.6835
sov,0,18,8,1,1,18;212;366;168;349;211;358;210;351;352;328;336;8,39;308;559;266;500;307;530;306;505;509;468;479,0.481268,0.77436,0.999363,0.999363,3267_4776,1.6835
sov,0,18,15,1,1,18;212;366;168;349;211;358;210;351;352;207;353;65;110;196;180;350;15,39;308;559;266;500;307;530;306;505;508;304;513;129;201;294;279;501,0.832933,1.34019,1.54104,1.54104,4071_6049,3.367
sov,0,18,16,1,1,18;212;366;168;349;211;358;210;351;352;207;353;65;110;196;180;55;153;177;359;60;16,39;308;559;266;500;307;530;306;505;508;304;513;129;201;294;278;107;249;274;533;117,0.953132,1.53359,2.04376,2.04376,4526_6827,3.367
sov,0,18,19,1,1,18;19,38,0.0404661,0.06511,0.097665,0.097665,37_38,1.6835
sov,0,18,23,1,1,18;212;366;168;349;211;358;210;351;352;207;353;23,39;308;559;266;500;307;530;306;505;508;304;511,0.580236,0.9336,1.25123,1.25123,3178_4643,3.367
sov,0,18,25,1,1,18;212;366;168;349;211;358;210;351;352;207;353;65;110;196;180;55;153;177;359;80;25,39;308;559;266;500;307;530;306;505;508;304;513;129;201;294;278;107;249;274;535;149,0.880454,1.41665,1.69846,1.69846,4555_6861,1.6835
sov,0,18,29,1,1,18;212;366;29,39;308;557,0.0983095,0.15818,0.197725,0.197725,625_904,1.6835
sov,0,19,2,1,1,19;330;138;139;366;168;349;2,41;472;228;231;559;266;497,0.310988,0.50038,0.766468,0.766472,1511_2294,5.0506
sov,0,19,5,1,1,19;330;138;139;366;168;349;211;358;63;64;5,41;472;228;231;559;266;500;307;529;121;124,0.590901,0.95076,1.41018,1.41018,2210_3378,3.367
sov,0,19,6,1,1,19;330;138;139;366;168;349;211;358;63;64;53;6,41;472;228;231;559;266;500;307;529;121;125;103,0.686482,1.10455,1.64087,1.64087,2264_3482,5.0506
sov,0,19,7,1,1,19;330;138;139;366;168;349;211;358;210;351;239;7,41;472;228;231;559;266;500;307;530;306;504;346,0.476109,0.76606,1.05114,1.05114,2885_4290,1.6835
sov,0,19,8,1,1,19;330;138;139;366;168;349;211;358;210;351;352;328;336;8,41;472;228;231;559;266;500;307;530;306;505;509;468;479,0.577178,0.92868,1.30543,1.30543,3663_5401,1.6835
sov,0,19,15,1,1,19;330;138;139;366;168;349;211;358;210;351;352;207;353;65;110;196;180;350;15,41;472;228;231;559;266;500;307;530;306;505;508;304;513;129;201;294;279;501,0.928844,1.49451,1.84711,1.84711,4467_6674,3.367
sov,0,19,16,1,1,19;330;138;139;366;168;349;211;358;210;351;352;207;353;65;110;196;180;55;153;177;359;60;16,41;472;228;231;559;266;500;307;530;306;505;508;304;513;129;201;294;278;107;249;274;533;117,1.04904,1.68791,2.34983,2.34983,4922_7452,3.367
sov,0,19,18,1,1,19;18,40,0.0404661,0.06511,0.097665,0.097665,37_40,1.6835
sov,0,19,23,1,1,19;330;138;139;366;168;349;211;358;210;351;352;207;353;23,41;472;228;231;559;266;500;307;530;306;505;508;304;511,0.676147,1.08792,1.5573,1.5573,3574_5268,3.367
sov,0,19,25,1,1,19;330;138;139;366;168;349;211;358;210;351;352;207;353;65;110;196;180;55;153;177;359;80;25,41;472;228;231;559;266;500;307;530;306;505;508;304;513;129;201;294;278;107;249;274;535;149,0.976364,1.57097,2.00453,2.00453,4951_7486,1.6835
sov,0,19,29,1,1,19;330;138;139;366;29,41;472;228;231;557,0.19422,0.3125,0.503793,0.503793,1021_1529,1.6835
sov,0,23,2,1,1,23;353;203;199;200;202;205;352;204;201;351;115;358;213;349;2,45;514;301;297;298;300;303;507;302;299;503;204;531;309;497,0.503462,0.81007,1.12465,1.12465,3530_5210,10.2917
sov,0,23,5,1,1,23;353;203;199;200;202;205;352;204;201;351;357;354;107;64;5,45;514;301;297;298;300;303;507;302;299;506;528;515;195;124,0.620199,0.9979,1.33116,1.33116,3380_5034,6.8611
sov,0,23,6,1,1,23;353;203;199;200;202;205;352;204;201;351;357;354;355;53;6,45;514;301;297;298;300;303;507;302;299;506;528;517;519;103,0.7156,1.1514,1.49398,1.49398,3618_5339,10.2917
sov,0,23,7,1,1,23;353;203;199;200;202;205;352;204;201;351;239;7,45;514;301;297;298;300;303;507;302;299;504;346,0.336439,0.54133,0.741295,0.741295,2739_4016,3.4306
sov,0,23,8,1,1,23;338;328;336;8,44;483;468;479,0.103766,0.16696,0.33392,0.33392,1033_1474,3.4306
sov,0,23,12,1,1,23;12,42,0.0669795,0.10777,0.21554,0.21554,35_42,6.8611
sov,0,23,15,1,1,23;353;65;110;196;180;350;15,45;513;129;201;294;279;501,0.3923,0.63121,0.739045,0.739045,1292_1962,6.8611
sov,0,23,16,1,1,23;353;65;110;196;180;55;153;177;359;60;16,45;513;129;201;294;278;107;249;274;533;117,0.512498,0.82461,1.24177,1.24177,1747_2740,6.8611
sov,0,23,18,1,1,23;353;203;199;200;202;205;352;204;201;351;115;358;213;349;208;366;217;220;18,45;514;301;297;298;300;303;507;302;299;503;204;531;309;499;305;560;313;316,0.583791,0.93932,1.24455,1.24455,4557_6706,3.4306
sov,0,23,25,1,1,23;353;65;110;196;180;55;153;177;359;80;25,45;513;129;201;294;278;107;249;274;535;149,0.43982,0.70767,0.896469,0.896469,1776_2774,3.4306
sov,0,23,29,1,1,23;353;203;199;200;202;205;352;204;201;351;115;358;213;349;208;366;29,45;514;301;297;298;300;303;507;302;299;503;204;531;309;499;305;557,0.544798,0.87658,1.17996,1.17996,4131_6074,3.4306
sov,0,24,12,1,1,24;12,46,0.000316967,0.00051,0.00102,0.00102,36_46,3.367
sov,0,25,2,1,1,25;80;359;177;153;350;167;111;102;197;198;353;203;199;200;202;205;352;204;201;351;115;358;213;349;2,48;150;536;273;250;502;265;203;185;295;296;514;301;297;298;300;303;507;302;299;503;204;531;309;497,0.804201,1.29396,1.49846,1.49847,5426_8168,5.0506
sov,0,25,5,1,1,25;80;359;177;153;350;167;111;102;197;198;353;203;199;200;202;205;352;204;201;351;357;354;107;64;5,48;150;536;273;250;502;265;203;185;295;296;514;301;297;298;300;303;507;302;299;506;528;515;195;124,0.920938,1.48179,1.70497,1.70498,5276_7992,3.367
sov,0,25,6,1,1,25;80;359;177;153;350;167;111;102;197;198;353;203;199;200;202;205;352;204;201;351;357;354;355;53;6,48;150;536;273;250;502;265;203;185;295;296;514;301;297;298;300;303;507;302;299;506;528;517;519;103,1.01634,1.63529,1.8678,1.8678,5514_8297,5.0506
sov,0,25,7,1,1,25;80;359;177;153;350;167;111;102;197;198;353;203;199;200;202;205;352;204;201;351;239;7,48;150;536;273;250;502;265;203;185;295;296;514;301;297;298;300;303;507;302;299;504;346,0.637178,1.02522,1.11511,1.11511,4635_6974,1.6835
sov,0,25,8,1,1,25;80;359;177;153;350;167;111;102;197;198;353;203;199;200;202;205;352;328;336;8,48;150;536;273;250;502;265;203;185;295;296;514;301;297;298;300;303;509;468;479,0.53926,0.86767,0.969189,0.969189,4305_6472,1.6835
sov,0,25,9,1,1,25;9,47,0.141417,0.22754,0.45508,0.45508,34_47,3.367
sov,0,25,15,1,1,25;80;359;177;153;350;15,48;150;536;273;250;501,0.266756,0.42921,0.400764,0.400764,1159_1758,3.367
sov,0,25,16,1,1,25;80;359;60;16,48;150;533;117,0.221827,0.35692,0.602421,0.602424,540_848,3.367
sov,0,25,18,1,1,25;80;359;177;153;350;167;111;102;197;198;353;203;199;200;202;205;352;204;201;351;115;358;213;349;208;366;217;220;18,48;150;536;273;250;502;265;203;185;295;296;514;301;297;298;300;303;507;302;299;503;204;531;309;499;305;560;313;316,0.884531,1.42321,1.61837,1.61837,6453_9664,1.6835
sov,0,25,23,1,1,25;80;359;177;153;350;167;111;102;197;198;353;23,48;150;536;273;250;502;265;203;185;295;296;511,0.440342,0.70851,0.823059,0.82306,2295_3514,3.367
sov,0,25,29,1,1,25;80;359;177;153;350;167;111;102;197;198;353;203;199;200;202;205;352;204;201;351;115;358;213;349;208;366;29,48;150;536;273;250;502;265;203;185;295;296;514;301;297;298;300;303;507;302;299;503;204;531;309;499;305;557,0.845538,1.36047,1.55378,1.55378,6027_9032,1.6835
sov,0,26,9,1,1,26;9,50,0.00346799,0.00558,0.01116,0.01116,35_50,3.367
sov,0,29,2,1,1,29;366;168;349;2,52;559;266;497,0.179689,0.28912,0.389225,0.38923,914_1374,5.0506
sov,0,29,5,1,1,29;366;168;349;211;358;63;64;5,52;559;266;500;307;529;121;124,0.459602,0.7395,1.03294,1.03294,1613_2458,3.367
sov,0,29,6,1,1,29;366;168;349;211;358;63;64;53;6,52;559;266;500;307;529;121;125;103,0.555183,0.89329,1.26362,1.26362,1667_2562,5.0506
sov,0,29,7,1,1,29;366;168;349;211;358;210;351;239;7,52;559;266;500;307;530;306;504;346,0.34481,0.5548,0.6739,0.6739,2288_3370,1.6835
sov,0,29,8,1,1,29;366;168;349;211;358;210;351;352;328;336;8,52;559;266;500;307;530;306;505;509;468;479,0.445879,0.71742,0.928188,0.928188,3066_4481,1.6835
sov,0,29,15,1,1,29;366;168;349;211;358;210;351;352;207;353;65;110;196;180;350;15,52;559;266;500;307;530;306;505;508;304;513;129;201;294;279;501,0.797545,1.28325,1.46986,1.46986,3870_5754,3.367
sov,0,29,16,1,1,29;366;168;349;211;358;210;351;352;207;353;65;110;196;180;55;153;177;359;60;16,52;559;266;500;307;530;306;505;508;304;513;129;201;294;278;107;249;274;533;117,0.917744,1.47665,1.97259,1.97259,4325_6532,3.367
sov,0,29,18,1,1,29;366;217;220;18,52;560;313;316,0.101914,0.16398,0.19114,0.19114,850_1241,1.6835
sov,0,29,23,1,1,29;366;168;349;211;358;210;351;352;207;353;23,52;559;266;500;307;530;306;505;508;304;511,0.544848,0.87666,1.18006,1.18006,2977_4348,3.367
sov,0,29,25,1,1,29;366;168;349;211;358;210;351;352;207;353;65;110;196;180;55;153;177;359;80;25,52;559;266;500;307;530;306;505;508;304;513;129;201;294;278;107;249;274;535;149,0.845065,1.35971,1.62729,1.62729,4354_6566,1.6835
sov,0,29,30,1,1,29;30,51,0.0725171,0.11668,0.14585,0.14585,59_51,5.0506
sov,0,30,5,1,1,30;31;5,54;56,0.164568,0.26479,0.362588,0.362588,66_110,10.4896
sov,0,30,6,1,1,30;31;160;316;161;52;6,54;58;258;455;259;100,0.263897,0.42461,0.561508,0.561508,756_1184,15.7345
sov,0,30,29,1,1,30;29,53,0.0725171,0.11668,0.14585,0.14585,59_53,5.2448
